title,image,status,last_updated
Rust 2024,https://faselhds.center/wp-content/uploads/2025/05/a5501a496cd39448c374629005eca3c0.jpg?resize=400%2C600,failed,2025-07-08 23:35:35 UTC
Souleymane’s Story 2024,https://faselhds.center/wp-content/uploads/2025/05/6b636f0beb9785a2bcc4258143486288.jpg?resize=400%2C600,failed,2025-07-08 23:45:40 UTC
Armed 2025,https://faselhds.center/wp-content/uploads/2025/05/ccd0b6d190e3995f477c69471a18903a.jpg?resize=400%2C600,failed,2025-07-08 23:50:06 UTC
Screamboat 2025,https://faselhds.center/wp-content/uploads/2025/05/650de0c83b74fc957d1adf3cc8eb96bb.jpg?resize=400%2C600,done,2025-07-09 00:03:44 UTC
Secret: Untold Melody 2025,https://faselhds.center/wp-content/uploads/2025/05/c147163493fcf34d84f6570e5217daff-400x600.jpg?resize=400%2C600,failed,2025-07-09 01:13:24 UTC
Winter Spring Summer or Fall 2024,https://faselhds.center/wp-content/uploads/2025/05/2824443e4edc6cec67b58552a14562d7.jpg?resize=400%2C600,done,2025-07-09 01:13:27 UTC
The Biggest Fan 2025,https://faselhds.center/wp-content/uploads/2025/05/73d2d26190fc3bbdbf7be336d6d2a13c-400x600.jpg?resize=400%2C600,failed,2025-07-09 18:20:21 UTC
Day of Reckoning 2025,https://faselhds.center/wp-content/uploads/2025/05/aba4ba32816ce3af56b8ae4e8ba9f903.jpg?resize=400%2C600,failed,2025-07-09 18:21:46 UTC
You Are Not Alone: Fighting the Wolf Pack 2024,https://faselhds.center/wp-content/uploads/2025/05/baefe9d0adf87560b16b0f2c19924e29.jpg?resize=400%2C600,failed,2025-07-09 22:54:49 UTC
Young Royals Forever 2024,https://faselhds.center/wp-content/uploads/2025/05/35897abe4bad02f84a370727241c7f27.jpg?resize=400%2C600,failed,2025-07-09 22:55:15 UTC
The Pez Outlaw 2022,https://faselhds.center/wp-content/uploads/2025/05/7c2ad2f9d786c1964dd0106b62be9f00.jpg?resize=400%2C600,failed,2025-07-09 23:15:29 UTC
Man on the Run 2023,https://faselhds.center/wp-content/uploads/2025/05/4598eccfdf61a2e731379f3c7403dcfd.jpg?resize=400%2C600,failed,2025-07-09 23:17:13 UTC
GATAO: Like Father Like Son 2024,https://faselhds.center/wp-content/uploads/2025/05/39e549b05d6b8843ace2821562c2b925.jpg?resize=400%2C600,failed,2025-07-09 23:17:32 UTC
Another Simple Favor 2025,https://faselhds.center/wp-content/uploads/2025/05/5e5f20d3404546aeb4701c20c90968a8-400x600.jpg?resize=400%2C600,done,2025-07-09 23:17:46 UTC
Buried Alive and Survived 2024,https://faselhds.center/wp-content/uploads/2025/05/e9d3e5c0fe1780d366fb5752dd72da96.jpg?resize=400%2C600,done,2025-07-09 23:34:34 UTC
The Rose of Versailles 2025,https://faselhds.center/wp-content/uploads/2025/04/ec823c7e1d26a5afcb82d84e6f1bbafc.jpg?resize=400%2C600,failed,2025-07-10 20:54:37 UTC
Exterritorial 2025,https://faselhds.center/wp-content/uploads/2025/04/1e1f830be03667ad40541e8b653c3201-400x600.jpg?resize=400%2C600,failed,2025-07-10 20:54:42 UTC
Universal Language 2024,https://faselhds.center/wp-content/uploads/2025/04/4b7568c8b7db7669849677190ad6ebfe-400x600.jpg?resize=400%2C600,done,2025-07-10 20:58:17 UTC
The Penguin Lessons 2024,https://faselhds.center/wp-content/uploads/2025/04/a94985b175f65f56fc51934d0a678d35.jpg?resize=400%2C600,failed,2025-07-13 06:18:17 UTC
Drop 2025,https://faselhds.center/wp-content/uploads/2025/04/f5c3889750830b4ef6eaaa5eaba0fd1c.jpg?resize=400%2C600,failed,2025-07-13 06:31:06 UTC
Death of a Unicorn 2025,https://faselhds.center/wp-content/uploads/2025/04/8036353a5d97a42ee63dabdb092a04f8.jpg?resize=400%2C600,failed,2025-07-13 06:41:06 UTC
Bloat 2025,https://faselhds.center/wp-content/uploads/2025/04/5d46017dc02db12abf7a9ba55c055bf9.jpg?resize=400%2C600,failed,2025-07-13 06:55:43 UTC
Rocky Aur Rani Kii Prem Kahaani 2023,https://faselhds.center/wp-content/uploads/2025/04/618394aae348672e771d4fde45acdcce.jpg?resize=400%2C600,failed,2025-07-13 06:55:47 UTC
Hell of a Summer 2023,https://faselhds.center/wp-content/uploads/2025/04/366aa1cd3d16918c5ff496afbcb54c0a-400x600.jpg?resize=400%2C600,failed,2025-07-13 06:59:21 UTC
L2: Empuraan 20255,https://faselhds.center/wp-content/uploads/2025/04/30cef59c558f0ac4638dfad238e8e3dd.jpg?resize=400%2C600,failed,2025-07-13 09:11:13 UTC
Reef Builders 2025,https://faselhds.center/wp-content/uploads/2025/04/6d0328bba9ac9340ad7e99c7475416e5.jpg?resize=400%2C600,failed,2025-07-13 09:11:25 UTC
Raqa 2024,https://faselhds.center/wp-content/uploads/2025/04/51775ad8eeaaeec7144d14384133e92b.jpg?resize=400%2C600,failed,2025-07-13 09:28:38 UTC
Neighborhood Watch 2025,https://faselhds.center/wp-content/uploads/2025/04/cfa786aad80b499492d83f7de6d676e7-400x600.jpg?resize=400%2C600,failed,2025-07-13 09:30:10 UTC
Happyend 2024,https://faselhds.center/wp-content/uploads/2025/04/930431eae0894383115f5e70a123a9ab.jpg?resize=400%2C600,failed,2025-07-13 09:40:51 UTC
Frewaka 2024,https://faselhds.center/wp-content/uploads/2025/04/99a31feea78961295562b7d5c8e1b766.jpg?resize=400%2C600,failed,2025-07-13 09:41:51 UTC
Freaky Tales 2024,https://faselhds.center/wp-content/uploads/2025/04/82633375a669a114d7c75deaa780080a.jpg?resize=400%2C600,failed,2025-07-13 09:48:09 UTC
Veera Dheera Sooran 2025,https://faselhds.center/wp-content/uploads/2025/04/cc55b5e1f25c5907c0be4a4185af3744.jpg?resize=400%2C600,failed,2025-07-13 10:04:10 UTC
Superboys of Malegaon 2024,https://faselhds.center/wp-content/uploads/2025/04/4fc768e0f68dc640eb3d38c3e8d0fd52.jpg?resize=400%2C600,failed,2025-07-13 10:10:47 UTC
Jewel Thief – The Heist Begins 2025,https://faselhds.center/wp-content/uploads/2025/04/43ce4872d826ce11e092b02af246436f-400x600.jpg?resize=400%2C600,failed,2025-07-13 10:12:45 UTC
Havoc 2025,https://faselhds.center/wp-content/uploads/2025/04/780f2491c1283e28071daec8929b9386.jpg?resize=400%2C600,done,2025-07-13 10:30:39 UTC
Sly Lives! (aka the Burden of Black Genius) 2025,https://faselhds.center/wp-content/uploads/2025/04/796a783fdce4364625cfac95bab0379b-400x600.jpg?resize=400%2C600,failed,2025-07-13 10:52:56 UTC
Sea Lions of the Galapagos 2025,https://faselhds.center/wp-content/uploads/2025/04/a09e9b224347325cf7c83641841c04d4-400x600.jpg?resize=400%2C600,done,2025-07-13 10:53:07 UTC
Overlord: The Sacred Kingdom 2025,https://faselhds.center/wp-content/uploads/2025/04/51272dbaef1095d30a35d3fc1f611752.jpg?resize=400%2C600,failed,2025-07-13 11:19:34 UTC
Lifeline 2025,https://faselhds.center/wp-content/uploads/2025/04/7d1403f7f0682871dda55aedd7efd9a7.jpg?resize=400%2C600,failed,2025-07-13 11:19:38 UTC
Guardians of the Galapagos 2025,https://faselhds.center/wp-content/uploads/2025/04/03c5b2c87bdaf5d8cd78226231171575-400x600.jpg?resize=400%2C600,failed,2025-07-13 11:39:51 UTC
Bullet Train Explosion 2025,https://faselhds.center/wp-content/uploads/2025/04/355f15088d3d89d7a1a2d7423ecd1759-400x600.jpg?resize=400%2C600,failed,2025-07-13 11:41:46 UTC
Locked 2025,https://faselhds.center/wp-content/uploads/2025/04/3756781ea2e3de8a93336543373196fb-400x600.jpg?resize=400%2C600,failed,2025-07-15 21:29:13 UTC
Ash 2025,https://faselhds.center/wp-content/uploads/2025/04/ffae792f886fb1a571a78da61d743660.jpg?resize=400%2C600,failed,2025-07-15 21:41:02 UTC
Pangolin: Kulu’s Journey 2025,https://faselhds.center/wp-content/uploads/2025/04/a13db51251bbc770d1e278bb82119072-400x600.jpg?resize=400%2C600,failed,2025-07-15 22:10:45 UTC
Titanic: The Digital Resurrection 2025,https://faselhds.center/wp-content/uploads/2025/04/64fdcbb011686fc7a49a2c6fb63b396e.jpg?resize=400%2C600,failed,2025-07-15 22:21:15 UTC
Last Take: Rust and the Story of Halyna 2025,https://faselhds.center/wp-content/uploads/2025/04/208a0c3abda006bd68c92b3a4d27fffd-400x600.jpg?resize=400%2C600,failed,2025-07-15 22:31:28 UTC
Kadhalikka Neramillai 2025,https://faselhds.center/wp-content/uploads/2025/04/689f6c5b3c907fec0db9cc7d265e6b08.jpg?resize=400%2C600,failed,2025-07-15 22:31:59 UTC
One Percenter 2023,https://faselhds.center/wp-content/uploads/2025/04/7f796aee44008b4722a3e7e02fa6fdd7.jpg?resize=400%2C600,failed,2025-07-15 22:32:12 UTC
It Feeds 2025,https://faselhds.center/wp-content/uploads/2025/04/5e4fde11c72836ce31abf476c2bd6763-400x600.jpg?resize=400%2C600,failed,2025-07-15 22:32:23 UTC
The Bad Shepherd 2024,https://faselhds.center/wp-content/uploads/2025/04/a8a2cf9d18aebd64698d377ad2d8df93.jpg?resize=400%2C600,failed,2025-07-15 22:53:13 UTC
iHostage 2025,https://faselhds.center/wp-content/uploads/2025/04/238f8a4a487b52192f3ca9582e211241-400x600.jpg?resize=400%2C600,failed,2025-07-15 22:53:25 UTC
Shoutai 2024,https://faselhds.center/wp-content/uploads/2025/04/ce0ce326d9eb32263d9c39c29342913b.jpg?resize=400%2C600,failed,2025-07-15 22:53:37 UTC
Oklahoma City Bombing: American Terror 2025,https://faselhds.center/wp-content/uploads/2025/04/5b0c4f3306057cbf3abeacd952c74aae-400x600.jpg?resize=400%2C600,failed,2025-07-15 22:53:40 UTC
Bangkok Dog 2024,https://faselhds.center/wp-content/uploads/2025/04/d31c274b81f9e8d45c1ef0fcd50936f3.jpg?resize=400%2C600,failed,2025-07-15 22:57:30 UTC
Dark Nuns 2025,https://faselhds.center/wp-content/uploads/2025/04/d6449b2dae27d2d616575a534d5e2868.jpg?resize=400%2C600,failed,2025-07-15 22:57:40 UTC
عرض Tim Dillon: I’m Your Mother 2025,https://faselhds.center/wp-content/uploads/2025/04/7d09c1c065c59b1e20ff95496821ae4b.jpg?resize=400%2C600,failed,2025-07-15 22:57:53 UTC
The Actor 2025,https://faselhds.center/wp-content/uploads/2025/04/5f15790ebf1243c81b97376e032cbe27.jpg?resize=400%2C600,failed,2025-07-15 23:02:34 UTC
The Woman in the Yard 2025,https://faselhds.center/wp-content/uploads/2025/04/e8ae3b5a12c9e96bc5a7d54ce6a5ecbf.jpg?resize=400%2C600,failed,2025-07-15 23:02:37 UTC
عرض Kill Tony: Kill or Be Killed 2025,https://faselhds.center/wp-content/uploads/2025/04/001eaa75832414e78038e6809dbc38b5-400x600.jpg?resize=400%2C600,failed,2025-07-15 23:02:44 UTC
Behind the Curtain: Stranger Things: The First Shadow 2025,https://faselhds.center/wp-content/uploads/2025/04/de2116e1bb7eef3e99f86bea2fcef54b.jpg?resize=400%2C600,failed,2025-07-15 23:02:52 UTC
Becoming Led Zeppelin 2025,https://faselhds.center/wp-content/uploads/2025/04/fdd75aa69eeaf0c7aa0e7ead578cdb46.jpg?resize=400%2C600,failed,2025-07-15 23:03:14 UTC
A Working Man 2025,https://faselhds.center/wp-content/uploads/2025/04/59e39d5fa463c3e6c7bc49ca388ed4bf.jpg?resize=400%2C600,failed,2025-07-16 11:22:22 UTC
Warrior Strong 2023,https://faselhds.center/wp-content/uploads/2025/04/a959dda85f2b032c456c82706ca91131.jpg?resize=400%2C600,long_download,2025-07-16 11:25:26 UTC
Shadow of God 2025,https://faselhds.center/wp-content/uploads/2025/04/9011780f6a2eeefd48b195dc60f2d6b9.jpg?resize=400%2C600,failed,2025-07-16 11:25:29 UTC
Meet the Khumalos 2025,https://faselhds.center/wp-content/uploads/2025/04/6e7e02f5fbfd5522822c52de409a2052-400x600.jpg?resize=400%2C600,failed,2025-07-16 11:50:06 UTC
Chhaava 2025,https://faselhds.center/wp-content/uploads/2025/04/415c9a6a2769a5da4a70ad2c6f4464b5.jpg?resize=400%2C600,failed,2025-07-16 11:50:09 UTC
Home sweet home Rebirth 2025,https://faselhds.center/wp-content/uploads/2025/04/e02c6846bedbc202728948cb747e9c22.jpg?resize=400%2C600,failed,2025-07-16 11:50:42 UTC
Bloody Escape 2024,https://faselhds.center/wp-content/uploads/2025/04/9773f7a36d89fe10ff9c315a612babe1.jpg?resize=400%2C600,failed,2025-07-16 13:06:36 UTC
4PM 2024,https://faselhds.center/wp-content/uploads/2025/04/03c765543a01d403fb19799a6aae105d.jpg?resize=400%2C600,long_download,2025-07-16 17:05:49 UTC
The Alto Knights 2025,https://faselhds.center/wp-content/uploads/2025/04/3ab9ad329f49aa359dc566480f66eeb1.jpg?resize=400%2C600,working,2025-07-16 17:05:59 UTC
Pets 2025,https://faselhds.center/wp-content/uploads/2025/04/d961a7588a733a6a6e12bfa3b3a82cb7.jpg?resize=400%2C600,working,2025-07-16 17:29:30 UTC
Court – State Vs. A Nobody 2025,https://faselhds.center/wp-content/uploads/2025/04/027f92a0aa2a0b9d56312cc4325db59c.jpg?resize=400%2C600,working,2025-07-16 17:58:05 UTC
Night of the Zoopocalypse 2024,https://faselhds.center/wp-content/uploads/2025/04/1d646c349970fab00a92575ccd37cffe.jpg?resize=400%2C600,working,2025-07-16 17:58:19 UTC
G20 2025,https://faselhds.center/wp-content/uploads/2025/04/086934ba6c8f4aefaa6ec2dfbfb8415e-400x600.jpg?resize=400%2C600,working,2025-07-16 18:09:36 UTC
Frozen Hot Boys 2025,https://faselhds.center/wp-content/uploads/2025/04/afcd846a1624c5585d6b6857eb1a368d-400x600.jpg?resize=400%2C600,working,2025-07-16 18:54:19 UTC
Candlewood 2025,https://faselhds.center/wp-content/uploads/2025/04/7b3ef603707c571af0378fc889851340.jpg?resize=400%2C600,working,2025-07-16 18:54:35 UTC
The Assessment 2024,https://faselhds.center/wp-content/uploads/2025/04/9ef3cd8eddb95dc45005a8b29bbab2f2.jpg?resize=400%2C600,working,2025-07-16 19:56:05 UTC
The Dad Quest 2025,https://faselhds.center/wp-content/uploads/2025/04/9dc2155de415f77f3dc01fd1dc65e44e-400x600.jpg?resize=400%2C600,working,2025-07-16 20:08:18 UTC
Novocaine 2025,https://faselhds.center/wp-content/uploads/2025/04/6049123a0b05787dd75395e053536823.jpg?resize=400%2C600,working,2025-07-16 20:11:20 UTC
In the Lost Lands 2025,https://faselhds.center/wp-content/uploads/2025/04/627301d206e0e62470c786e2a3107e9e.jpg?resize=400%2C600,working,2025-07-16 20:17:49 UTC
Officer on Duty 2025,https://faselhds.center/wp-content/uploads/2025/04/2d6b7a86030dbd7a0aa20c010bb60fb4.jpg?resize=400%2C600,long_download,2025-07-16 20:39:40 UTC
Mickey 17 2025,https://faselhds.center/wp-content/uploads/2025/04/8e88f07fc6f9b7dd39092e4814a01620.jpg?resize=400%2C600,working,2025-07-16 20:45:51 UTC
825 Forest Road 2025,https://faselhds.center/wp-content/uploads/2025/04/6e6754396ad7db478cea39533e905ce1-400x600.jpg?resize=400%2C600,,
Test 2025,https://faselhds.center/wp-content/uploads/2025/04/570642ec75f16bae9fbab386a573695c-400x600.jpg?resize=400%2C600,,
The Killer is Calling 2025,https://faselhds.center/wp-content/uploads/2025/04/0b8fb5f2ab61815502f828cba191a1d8.jpg?resize=400%2C600,,
Fog of War 2025,https://faselhds.center/wp-content/uploads/2025/04/1e7ec36fd92f35a54c7216edeca9d967.jpg?resize=400%2C600,,
Lisabi: The Uprising 2024,https://faselhds.center/wp-content/uploads/2025/04/9a955a3a3ecc51a29132f85085d3d016.jpg?resize=400%2C600,,
Mouse of Horrors 2025,https://faselhds.center/wp-content/uploads/2025/04/0e66e06c8c015fe4fee1379a887012ab.jpg?resize=400%2C600,,
Peter Pan’s Neverland Nightmare 2025,https://faselhds.center/wp-content/uploads/2025/04/a6c65044bd1212b5fd61f3ac8af49f64.jpg?resize=400%2C600,,
Shiver Me Timbers 2025,https://faselhds.center/wp-content/uploads/2025/04/f05902c2ffdcc2efe72f12051c1a3dcf-400x600.jpg?resize=400%2C600,,
Between Borders 2024,https://faselhds.center/wp-content/uploads/2025/04/1531bd285f6e628744b5cafc90d387a4.jpg?resize=400%2C600,,
Banger 2025,https://faselhds.center/wp-content/uploads/2025/04/8caaa3bf487c760c9897820a38ae7c1f-400x600.jpg?resize=400%2C600,,
A Knight’s War 2025,https://faselhds.center/wp-content/uploads/2025/04/ac5c1f4e415585b8166f6c43a31ecd02.jpg?resize=400%2C600,,
Black Bag 2025,https://faselhds.center/wp-content/uploads/2025/04/50a5672bdb6e0481d0052345a69236ba.jpg?resize=400%2C600,,
The Rule of Jenny Pen 2024,https://faselhds.center/wp-content/uploads/2025/04/3a7006fd2a123ab89c70d3171236538c-400x600.jpg?resize=400%2C600,,
Promised Hearts 2025,https://faselhds.center/wp-content/uploads/2025/04/a3a1ab084fbebe4ef100791a797961e8-400x600.jpg?resize=400%2C600,,
Opus 2025,https://faselhds.center/wp-content/uploads/2025/04/e18f083ab48c1b83c30df2066d00980a-400x600.jpg?resize=400%2C600,,
Bridget Jones: Mad About the Boy 2025,https://faselhds.center/wp-content/uploads/2025/04/0e97f4d238878c15a295442e1ba6200d.jpg?resize=400%2C600,,
Interstate 2024,https://faselhds.center/wp-content/uploads/2025/04/91a127c55e568077d5b90265836650af.jpg?resize=400%2C600,,
The Unbreakable Boy 2025,https://faselhds.center/wp-content/uploads/2025/03/fbc8ebe41b0b295637856b44b95a6380.jpg?resize=400%2C600,,
McVeigh 2024,https://faselhds.center/wp-content/uploads/2025/03/42d57aa83c39cb4cd725308ddcd004f9.jpg?resize=400%2C600,,
Bring Them Down 2024,https://faselhds.center/wp-content/uploads/2025/03/f3c1a3510e00ef522273543023bb0cca-400x600.jpg?resize=400%2C600,,
"Alexander and the Terrible, Horrible, No Good, Very Bad Day 2025",https://faselhds.center/wp-content/uploads/2025/03/b02143bed7d8501fa42db9e09c7537a6-400x600.jpg?resize=400%2C600,,
The Life List 2025,https://faselhds.center/wp-content/uploads/2025/03/0d9c9c45dc57a9f8af21e6b474cb821f.jpg?resize=400%2C600,,
The Monkey 2025,https://faselhds.center/wp-content/uploads/2025/03/38727ea75ed1ecc45741373b4233cf1b.jpg?resize=400%2C600,,
Il Corpo 2024,https://faselhds.center/wp-content/uploads/2025/03/b38660c73736a1f1f6283726fcb1837d.jpg?resize=400%2C600,,
Holland 2025,https://faselhds.center/wp-content/uploads/2025/03/a14a29052a56ba21b4a66a5de980510c-400x600.jpg?resize=400%2C600,,
Deva 2025,https://faselhds.center/wp-content/uploads/2025/03/7d760c927632a50a8a33697ea3786ce2.jpg?resize=400%2C600,,
Dead Talents Society 2024,https://faselhds.center/wp-content/uploads/2025/03/1d0841b1c37c6506d9b6453343851e89.jpg?resize=400%2C600,,
Carjackers 2025,https://faselhds.center/wp-content/uploads/2025/03/a97456c10d3bc9e60ac9cf2c22a1c760-400x600.jpg?resize=400%2C600,,
A Nanny’s Revenge 2024,https://faselhds.center/wp-content/uploads/2025/03/3da7e876bfcee73fb701566e6d7144c9.jpg?resize=400%2C600,,
Attack on Titan the Movie: The Last Attack 2024,https://faselhds.center/wp-content/uploads/2025/03/0514d1418b94896d3432c8f871170c12.jpg?resize=400%2C600,,
The Jolly Monkey 2025,https://faselhds.center/wp-content/uploads/2025/03/6ea8ee091bafd8be3bd9836e0d6bcde3-400x600.jpg?resize=400%2C600,,
Matthew Perry: A Hollywood Tragedy 2025,https://faselhds.center/wp-content/uploads/2025/03/d487f899b380e8d16e2e8d28bf08c29a.jpg?resize=400%2C600,,
Con Mum 2025,https://faselhds.center/wp-content/uploads/2025/03/3bea93ff9fcd8bffc2e858edaf1468c2.jpg?resize=400%2C600,,
عرض Chelsea Handler: The Feeling 2025,https://faselhds.center/wp-content/uploads/2025/03/98dfdc7e69eb303d94f479f12bd3d4ec-400x600.jpg?resize=400%2C600,,
Thelma 2024,https://faselhds.center/wp-content/uploads/2025/03/50cc820ad266078968fff87ca9af64b8.jpg?resize=400%2C600,,
The Glassworker 2024,https://faselhds.center/wp-content/uploads/2025/03/e39f4a0ef202b2b04ecb3824a999f793.jpg?resize=400%2C600,,
Agents 2024,https://faselhds.center/wp-content/uploads/2025/03/ee8d6ef2354bdca53acc18f6271d733d.jpg?resize=400%2C600,,
High Ground 2025,https://faselhds.center/wp-content/uploads/2025/03/ab13e25b39a9039e546dbd7171378736.jpg?resize=400%2C600,,
Popeye the Slayer Man 2025,https://faselhds.center/wp-content/uploads/2025/03/529f8a5a0a687ef4129eaef192cf13f9.jpg?resize=400%2C600,,
Little Siberia 2025,https://faselhds.center/wp-content/uploads/2025/03/d9db9b98c72561aba10d81409dfc897d.jpg?resize=400%2C600,,
Revelations 2025,https://faselhds.center/wp-content/uploads/2025/03/2189875bb46aa02026fd64500c22b0a2.jpg?resize=400%2C600,,
Cleaner 2025,https://faselhds.center/wp-content/uploads/2025/03/0015e1e004567941a811782de1128bf9.jpg?resize=400%2C600,,
Dying 2024,https://faselhds.center/wp-content/uploads/2025/03/c56316da2b9990c1f5def60354e37717.jpg?resize=400%2C600,,
Goldilocks and the Three Bears: Death and Porridge 2024,https://faselhds.center/wp-content/uploads/2025/03/03ef859175328fa74de317f02fe07444.jpg?resize=400%2C600,,
Tyler Perry’s Duplicity 2025,https://faselhds.center/wp-content/uploads/2025/03/b0ba96be9ea2b1256300da546008c93c-400x600.jpg?resize=400%2C600,,
O’Dessa 2025,https://faselhds.center/wp-content/uploads/2025/03/cc8d85637796249c1d6508350f33c1e1-400x600.jpg?resize=400%2C600,,
The Parenting 2025,https://faselhds.center/wp-content/uploads/2025/03/2d516b37e163b89c8aaabf985d943d6b.jpg?resize=400%2C600,,
The Twister: Caught in the Storm 2025,https://faselhds.center/wp-content/uploads/2025/03/9c091b64e8238246c609d904a2b01d63.jpg?resize=400%2C600,,
Batman Ninja vs. Yakuza League 2025,https://faselhds.center/wp-content/uploads/2025/03/f5840705e30ca28c278e43511fb50522-400x600.jpg?resize=400%2C600,,
The Devil’s Deal 2023,https://faselhds.center/wp-content/uploads/2025/03/4dc3afa22b5ba0087f060eda1c91f7ae.jpg?resize=400%2C600,,
High Rollers 2025,https://faselhds.center/wp-content/uploads/2025/03/2feb11219696a6647b7cc690c0ab0a17.jpg?resize=400%2C600,,
Caught by the Tides 2024,https://faselhds.center/wp-content/uploads/2025/03/09624d7e62e664c28d9095c440869c20.jpg?resize=400%2C600,,
Gunner 2024,https://faselhds.center/wp-content/uploads/2025/03/12f74f6a9621808db8485f24a51cde1c.jpg?resize=400%2C600,,
Last Breath 2025,https://faselhds.center/wp-content/uploads/2025/03/5a23953c9d479c46d839ea68e2a9f2bc.jpg?resize=400%2C600,,
Azaad 2025,https://faselhds.center/wp-content/uploads/2025/03/500c5acac3e05514d2824ea4e2a16657.jpg?resize=400%2C600,,
Silent Zone 2025,https://faselhds.center/wp-content/uploads/2025/03/923c3ef75cc663a3225553372d25e886-400x600.jpg?resize=400%2C600,,
Borderline 2025,https://faselhds.center/wp-content/uploads/2025/03/61c793b6d29a17330eaf69733406a2d3.jpg?resize=400%2C600,,
Agent 2023,https://faselhds.center/wp-content/uploads/2025/03/c281afa550d6e189939dcab40486ab24.jpg?resize=400%2C600,,
No Man’s Land 2024,https://faselhds.center/wp-content/uploads/2025/03/34a50220ab04df659780a855398c4e92.jpg?resize=400%2C600,,
عرض Bill Burr: Drop Dead Years 2025,https://faselhds.center/wp-content/uploads/2025/03/7d45eddd23f93861dc28f1f519279fdb-400x600.jpg?resize=400%2C600,,
The Electric State 2025,https://faselhds.center/wp-content/uploads/2025/03/a10645176167e6a43b5d6413b0e85bcc-400x600.jpg?resize=400%2C600,,
Be Happy 2025,https://faselhds.center/wp-content/uploads/2025/03/7ff39536d16a13ef9ed8b91cb591be4b-400x600.jpg?resize=400%2C600,,
Emergency 2025,https://faselhds.center/wp-content/uploads/2025/03/64a7cef84c199713120b48231221d5a5.jpg?resize=400%2C600,,
Crossing 2024,https://faselhds.center/wp-content/uploads/2025/03/033f5ffd7968389aa281278490cf9c14.jpg?resize=400%2C600,,
Brave the Dark 2023,https://faselhds.center/wp-content/uploads/2025/03/36ee4d1a5f455a520b18c6d8b3bf7cf5-400x600.jpg?resize=400%2C600,,
Control Freak 2025,https://faselhds.center/wp-content/uploads/2025/03/b173319c419a73eec654803bf1e65054-400x600.jpg?resize=400%2C600,,
Sky Force 2025,https://faselhds.center/wp-content/uploads/2025/03/514a07dae95733c1b71686e9e1861ca3.jpg?resize=400%2C600,,
The Painted 2024,https://faselhds.center/wp-content/uploads/2025/03/7b68c7d02cdf752041fdd60a5e6de4b3.jpg?resize=400%2C600,,
Fateh 2025,https://faselhds.center/wp-content/uploads/2025/03/e88758aa2f546dd0f64d54b10f61e913.jpg?resize=400%2C600,,
A Normal Family 2023,https://faselhds.center/wp-content/uploads/2025/03/6b50f63e676506ab440309bf7e9e94c6.jpg?resize=400%2C600,,
Dagr 2024,https://faselhds.center/wp-content/uploads/2025/03/6d7b039cfe97daf1c7c8cee7906678e8.jpg?resize=400%2C600,,
William Tell 2024,https://faselhds.center/wp-content/uploads/2025/03/b699d1b230c7853945e6d9094739eced.jpg?resize=400%2C600,,
Trapezium 2024,https://faselhds.center/wp-content/uploads/2025/03/04a0138bbdc6e66bde4e83a9e2b7c0f8.jpg?resize=400%2C600,,
No Other Land 2024,https://faselhds.center/wp-content/uploads/2025/03/2591c8ade93ff75105a8877e5eb68206.jpg?resize=400%2C600,,
No Chains No Masters 2024,https://faselhds.center/wp-content/uploads/2025/03/380e087806b3fba156f3e340eb6c8e2a.jpg?resize=400%2C600,,
I’m Still Here 2024,https://faselhds.center/wp-content/uploads/2025/03/f0654a0e30d364160f8c2ad4c5731d1f.jpg?resize=400%2C600,,
Naadaniyaan 2025,https://faselhds.center/wp-content/uploads/2025/03/f575025709ec14f5776076a30be32f45-400x600.jpg?resize=400%2C600,,
Plankton: The Movie 2025,https://faselhds.center/wp-content/uploads/2025/03/dcfdc69bce7190a550b81761219243ef.jpg?resize=400%2C600,,
Babes 2024,https://faselhds.center/wp-content/uploads/2025/03/6748a615725fefefd9b3cd085a8c05e2.jpg?resize=400%2C600,,
Moartea in vacanta 2024,https://faselhds.center/wp-content/uploads/2025/03/63d81ed8124bd6ef6163c8c3749cefe3.jpg?resize=400%2C600,,
Delicious 2025,https://faselhds.center/wp-content/uploads/2025/03/8a75a053d0efc3f31db6c0a2dafb38c5-400x600.jpg?resize=400%2C600,,
Chaos: The Manson Murders 2025,https://faselhds.center/wp-content/uploads/2025/03/c80b24f3f8bbdabd7c78b3694787b8d7-400x600.jpg?resize=400%2C600,,
Captain America: Brave New World 2025,https://faselhds.center/wp-content/uploads/2025/03/fbd183c5956b14328ab3a3019cd24177.jpg?resize=400%2C600,,
Sankrathiki Vasthunam 2025,https://faselhds.center/wp-content/uploads/2025/03/1e38762398ea149e74f22814c54f8825-400x600.jpg?resize=400%2C600,,
VidaaMuyarchi 2025,https://faselhds.center/wp-content/uploads/2025/03/fc9a37fa1d9d871ca35c0f22381d5261.jpg?resize=400%2C600,,
Vikram Vedha 2022,https://faselhds.center/wp-content/uploads/2025/03/335079d92af2747eecee7ad6ab7eacd3.jpg?resize=400%2C600,,
Picture This 2025,https://faselhds.center/wp-content/uploads/2025/03/d88f54a9423a19bc03a7d674e601c522-400x600.jpg?resize=400%2C600,,
Larissa: The Other Side of Anitta 2025,https://faselhds.center/wp-content/uploads/2025/03/bc1893a91b802bb507bba3596cd10525-400x600.jpg?resize=400%2C600,,
I’m Not a Robot 2023,https://faselhds.center/wp-content/uploads/2025/03/cc60c339e2e822db28046865675a8479.jpg?resize=400%2C600,,
Hood Witch 2023,https://faselhds.center/wp-content/uploads/2025/03/28cd8e71a40094c15bccda6419b72169.jpg?resize=400%2C600,,
Flow 2024,https://faselhds.center/wp-content/uploads/2025/03/c8cb35a50f974fb95648447f22f12fe0.jpg?resize=400%2C600,,
عرض Andrew Schulz: Life 2025,https://faselhds.center/wp-content/uploads/2025/03/ec36c2c7983807ef188a05710350efce-400x600.jpg?resize=400%2C600,,
Heart Eyes 2025,https://faselhds.center/wp-content/uploads/2025/03/bd80698abdc8ac07821c10a5c3615667.jpg?resize=400%2C600,,
Dog Man 2025,https://faselhds.center/wp-content/uploads/2025/03/b5a28c63cd3621552460ba225a11bd23.jpg?resize=400%2C600,,
Harbin 2024,https://faselhds.center/wp-content/uploads/2025/03/bdf7ff56b86efefa9350f894beac8e1a.jpg?resize=400%2C600,,
Uppercut 2025,https://faselhds.center/wp-content/uploads/2025/03/e0ecd2d93d3401a5d15f87c3227b8ccd.jpg?resize=400%2C600,,
Fight or Flight 2025,https://faselhds.center/wp-content/uploads/2025/03/2b16b9d6112dfee1297f800d932fb32d-400x600.jpg?resize=400%2C600,,
Armand 2024,https://faselhds.center/wp-content/uploads/2025/03/7d29f859f76fec6fe198356d6726c429.jpg?resize=400%2C600,,
Cold Wallet 2024,https://faselhds.center/wp-content/uploads/2025/03/365bf48bd0b16d9217e40466877b6e6b-400x600.jpg?resize=400%2C600,,
Squad 36 2025,https://faselhds.center/wp-content/uploads/2025/02/f687f0fc3be55eac599cd1f1786f22f2-400x600.jpg?resize=400%2C600,,
Counterstrike 2025,https://faselhds.center/wp-content/uploads/2025/02/b715488bf8376ad27226c433152076a2-400x600.jpg?resize=400%2C600,,
Waves 2024,https://faselhds.center/wp-content/uploads/2025/02/7cca119c947e20bf9d1898ce6735b4ef.jpg?resize=400%2C600,,
The Wrong Track 2025,https://faselhds.center/wp-content/uploads/2025/02/3aab6dad64707a3c0a81a7501b34ecf1-400x600.jpg?resize=400%2C600,,
Sosyal Climbers 2025,https://faselhds.center/wp-content/uploads/2025/02/81f700f21f0e641f0a4bbe8652dffd22-400x600.jpg?resize=400%2C600,,
Riceboy Sleeps 2022,https://faselhds.center/wp-content/uploads/2025/02/2180d3e97ca7fd76cf3af83ec7aeb2cc.jpg?resize=400%2C600,,
Demon City 2025,https://faselhds.center/wp-content/uploads/2025/02/2f9e75a6512fc26e2bc83cabd017cbb2-400x600.jpg?resize=400%2C600,,
Hard Truths 2024,https://faselhds.center/wp-content/uploads/2025/02/35ff3f15af8572dc6230630caff8d84d.jpg?resize=400%2C600,,
Miss Italy Must Not Die 2025,https://faselhds.center/wp-content/uploads/2025/02/bf7696750e92a9df26c26ad8c7036b56-400x597.jpg?resize=400%2C600,,
A Copenhagen Love Story 2025,https://faselhds.center/wp-content/uploads/2025/02/fa391f9c79d14697c49ffd5eb895143c-400x600.jpg?resize=400%2C600,,
A Complete Unknown 2024,https://faselhds.center/wp-content/uploads/2025/02/62221d9a58a90602557adfbbc50bb0cd.jpg?resize=400%2C600,,
Love Hurts 2024,https://faselhds.center/wp-content/uploads/2025/02/3e2fa4f80e28fa16a566c9a388e95b19-400x600.jpg?resize=400%2C600,,
Presence 2024,https://faselhds.center/wp-content/uploads/2025/02/ab9787d1b4a097ece55b7ad580af8a61.jpg?resize=400%2C600,,
Piglet’s Return 2024,https://faselhds.center/wp-content/uploads/2025/02/56ac230526338a5183525a8e0f99bd0b-400x600.jpg?resize=400%2C600,,
Homestead 2024,https://faselhds.center/wp-content/uploads/2025/02/81f6dbd9498e85808354c9aae0e2b0d3.jpg?resize=400%2C600,,
We Kill Them All 2025,https://faselhds.center/wp-content/uploads/2025/02/85481aadf927a0c3919bc5390287c6e1.jpg?resize=400%2C600,,
The Bayou 2025,https://faselhds.center/wp-content/uploads/2025/02/d69212da32abde86e8746874946c068b.jpg?resize=400%2C600,,
Old Guy 2024,https://faselhds.center/wp-content/uploads/2025/02/ed7da4ba3dd2b56c2e262a23e94ac573.jpg?resize=400%2C600,,
The Firefighters 2024,https://faselhds.center/wp-content/uploads/2025/02/0da4c6e626e66f7292cad5b740345f97.jpg?resize=400%2C600,,
Daaku Maharaaj 2025,https://faselhds.center/wp-content/uploads/2025/02/a4830a42197d854b947abb35d53ad4f8.jpg?resize=400%2C600,,
Broken Rage 2024,https://faselhds.center/wp-content/uploads/2025/02/3bc862f3d518d0eb261cbf60650e83a6-400x600.jpg?resize=400%2C600,,
One of Them Days 2025,https://faselhds.center/wp-content/uploads/2025/02/a6897c1b2c257016220027ac8a85f880-400x600.jpg?resize=400%2C600,,
The Last Showgirl 2024,https://faselhds.center/wp-content/uploads/2025/02/30eb9c8974a134a3334d6943591113ed.jpg?resize=400%2C600,,
Love Me 2024,https://faselhds.center/wp-content/uploads/2025/02/44883a37c3334d8ccf20c1b550dd3a47.jpg?resize=400%2C600,,
Komandir 2024,https://faselhds.center/wp-content/uploads/2025/02/5371cd41c00dc02dad2e28fb391daa5c.jpg?resize=400%2C600,,
The Brutalist 2024,https://faselhds.center/wp-content/uploads/2025/02/28073d0020c8e8e449e2f8b822131870.jpg?resize=400%2C600,,
Valiant One 2025,https://faselhds.center/wp-content/uploads/2025/02/91696c7b1fa36e8673921de2c2cc7265.jpg?resize=400%2C600,,
Companion 2025,https://faselhds.center/wp-content/uploads/2025/02/a7fd8a9f94897270d4c76bb6794043dd.jpg?resize=400%2C600,,
Turn Me On 2024,https://faselhds.center/wp-content/uploads/2025/02/dfb5b64b302fe83666d5aedace765b87.jpg?resize=400%2C600,,
Handsome Guys 2024,https://faselhds.center/wp-content/uploads/2025/02/9e9acb039fd84147f73203343c4ee8a3.jpg?resize=400%2C600,,
The Graduates 2023,https://faselhds.center/wp-content/uploads/2025/02/62956b53950a5765a74c9ef03cee1ba8-400x600.jpg?resize=400%2C600,,
Beshenstvo 2023,https://faselhds.center/wp-content/uploads/2025/02/f5d96605b42d96d9496c1fdd71795191.jpg?resize=400%2C600,,
Paddington in Peru 2024,https://faselhds.center/wp-content/uploads/2025/02/2cb0f2df7581ea0d763dd9ae20623b81.jpg?resize=400%2C600,,
Umjolo: There Is No Cure 2025,https://faselhds.center/wp-content/uploads/2025/02/cb6de10417c27eb593f902609cea2979-400x600.jpg?resize=400%2C600,,
The Most Beautiful Girl in the World 2025,https://faselhds.center/wp-content/uploads/2025/02/fd4326dcfcd293c6717bb74c67b67a0e-400x600.jpg?resize=400%2C600,,
Love Forever 2025,https://faselhds.center/wp-content/uploads/2025/02/041ef3d15055d68b63f506183969f3f0.jpg?resize=400%2C600,,
Dhoom Dhaam 2024,https://faselhds.center/wp-content/uploads/2025/02/a519d91c1678ba6f2542511a242f86d2-400x600.jpg?resize=400%2C600,,
Flight Risk 2025,https://faselhds.center/wp-content/uploads/2025/02/2f3461505b4c5f6db76f1231655f1cec.jpg?resize=400%2C600,,
The Gorge 2025,https://faselhds.center/wp-content/uploads/2025/02/9bf1875a4e0c795a6cda809892a5fccb-400x600.jpg?resize=400%2C600,,
Shark Island 2024,https://faselhds.center/wp-content/uploads/2025/02/1c6252a8952031aa1b6e9e17a3a96f81.jpg?resize=400%2C600,,
Faultline 2024,https://faselhds.center/wp-content/uploads/2025/02/be8bd7b61284ee2e7c2e87c44f8875ac-400x600.jpg?resize=400%2C600,,
Stormskerry Maja 2024,https://faselhds.center/wp-content/uploads/2025/02/d13444ed744baed3248ccf67a93c5621.jpg?resize=400%2C600,,
The Lion King at the Hollywood Bowl 2025,https://faselhds.center/wp-content/uploads/2025/02/8c7c88c0d15a3e692723e4dcff66b408-400x600.jpg?resize=400%2C600,,
The Year Between 2022,https://faselhds.center/wp-content/uploads/2025/02/7fdc11dfe3c6f4d20beea25922a2841e.jpg?resize=400%2C600,,
My Fault: London 2025,https://faselhds.center/wp-content/uploads/2025/02/ff4b7c516a2c6e407f4f81ce7ae269d3-400x600.jpg?resize=400%2C600,,
La Dolce Villa 2025,https://faselhds.center/wp-content/uploads/2025/02/8b41c52da4ab851b082ce26735a606bc-400x600.jpg?resize=400%2C600,,
Honeymoon Crasher 2025,https://faselhds.center/wp-content/uploads/2025/02/962693ea3f51f6f41358d51286203600-400x600.jpg?resize=400%2C600,,
Death Before the Wedding 2025,https://faselhds.center/wp-content/uploads/2025/02/0c476a189b844fe4c271a9818917699d-400x600.jpg?resize=400%2C600,,
Nickel Boys 2024,https://faselhds.center/wp-content/uploads/2025/02/54f47a2d1ff0a246f8352d56b96fc6e3.jpg?resize=400%2C600,,
The Witcher: Sirens of the Deep 2025,https://faselhds.center/wp-content/uploads/2025/02/5dd51fddc9be5a36a49d9d8d8ed562d5-400x600.jpg?resize=400%2C600,,
Love Unleashed 2025,https://faselhds.center/wp-content/uploads/2025/02/d2c55e77c61b8128bb52dde8ee2a8e73-400x600.jpg?resize=400%2C600,,
Breathing In 2023,https://faselhds.center/wp-content/uploads/2025/02/668b91b5c4c400c38463e46800968ace.jpg?resize=400%2C600,,
Tiger 24 2022,https://faselhds.center/wp-content/uploads/2025/02/f043d74d0d1a6a20f58e905a621601fc.jpg?resize=400%2C600,,
Thabo and the Rhino Case 2023,https://faselhds.center/wp-content/uploads/2025/02/255c724fefe86879c1cde22afceaea0f.jpg?resize=400%2C600,,
Schlitter 2023,https://faselhds.center/wp-content/uploads/2025/02/b0909d9bfb5dd804409b09ee06edd6c0.jpg?resize=400%2C600,,
Better Man 2024,https://faselhds.center/wp-content/uploads/2025/02/04bad314f9545cce88eeb0fca7168300.jpg?resize=400%2C600,,
Late Bloomers 2023,https://faselhds.center/wp-content/uploads/2025/02/ba640fa750863f64946640c4350e6279.jpg?resize=400%2C600,,
Death Whisperer 2 2024,https://faselhds.center/wp-content/uploads/2025/02/8028a1abe4644abd269a32592fe62dd5.jpg?resize=400%2C600,,
Day of the Fight 2023,https://faselhds.center/wp-content/uploads/2025/02/5ac5bee9d24e0436cb3af77718ec8487.jpg?resize=400%2C600,,
American Dreamer 2022,https://faselhds.center/wp-content/uploads/2025/02/e83c8da816cf432d86eb4c917b514f62.jpg?resize=400%2C600,,
Christmas Eve in Miller’s Point 2024,https://faselhds.center/wp-content/uploads/2025/02/9352fa98235d312aecef12017f53ee49.jpg?resize=400%2C600,,
Attenborough’s Wonder of Song 2022,https://faselhds.center/wp-content/uploads/2025/02/668286639364ea6fb9ec2761628b457c.jpg?resize=400%2C600,,
Fight Another Day 2024,https://faselhds.center/wp-content/uploads/2025/02/07837d896cf305f1a95d8771ee42491f.jpg?resize=400%2C600,,
فيلنم Black Dog 2024,https://faselhds.center/wp-content/uploads/2025/02/c0aa32c02528bae7acaefb04b9ce7c90.jpg?resize=400%2C600,,
One Win 2023,https://faselhds.center/wp-content/uploads/2025/02/417d3d365ebe76e7d2b48ced1af6055d.jpg?resize=400%2C600,,
The Prosecutor 2024,https://faselhds.center/wp-content/uploads/2025/02/b515c65d1d8b79eaaddd5de53d5d415c.jpg?resize=400%2C600,,
One Win 2023,https://faselhds.center/wp-content/uploads/2025/02/826b2f024bb1f992eb6efc33df192c28.jpg?resize=400%2C600,,
Le jardinier 2025,https://faselhds.center/wp-content/uploads/2025/02/7bd43911cffc338666a2202fe9d647c8.jpg?resize=400%2C600,,
Ulajh 2024,https://faselhds.center/wp-content/uploads/2025/02/d4ae6fa1dc789046557c29895c6367c0.jpg?resize=400%2C600,,
The Mehta Boys 2024,https://faselhds.center/wp-content/uploads/2025/02/0b8894b0a61914da5a0aad2271c5b4b2-400x600.jpg?resize=400%2C600,,
Sumala 2024,https://faselhds.center/wp-content/uploads/2025/02/3d0e69e0d5a96dac07e3ad71f4787528.jpg?resize=400%2C600,,
Baby John 2024,https://faselhds.center/wp-content/uploads/2025/02/bc6be3f9fbd07ae5170fc44d4b8a1ac1.jpg?resize=400%2C600,,
Sunray: Fallen Soldier 2024,https://faselhds.center/wp-content/uploads/2025/02/b0b346d86acd9ccd00070784323a674c.jpg?resize=400%2C600,,
Home Safe 2024,https://faselhds.center/wp-content/uploads/2025/02/e49c24460575be454299e5f6141c5b01-400x600.jpg?resize=400%2C600,,
Kinda Pregnant 2025,https://faselhds.center/wp-content/uploads/2025/02/f9b3cd160a05f3f629ac4e0fdffa3386.jpg?resize=400%2C600,,
Anuja 2024,https://faselhds.center/wp-content/uploads/2025/02/ef2d8b22d7fa857b4f86edd458d1bb20-400x600.jpg?resize=400%2C600,,
The Island Between Tides 2024,https://faselhds.center/wp-content/uploads/2025/02/b392cb4b02fc1595d4900f2e056c2638-400x600.jpg?resize=400%2C600,,
Wolf Man 2025,https://faselhds.center/wp-content/uploads/2025/02/cc254cdfe25c2c3b197a4df7d5cdfbce.jpg?resize=400%2C600,,
Bogota: City of the Lost 2024,https://faselhds.center/wp-content/uploads/2025/02/e50d43fc2aa062d3b5b76a4f740d3ad0-400x600.jpg?resize=400%2C600,,
Spin the Bottle 2024,https://faselhds.center/wp-content/uploads/2025/02/3f9e6860a90cb8a1c9be3592500579ba.jpg?resize=400%2C600,,
The Deep Web: Murdershow 2023,https://faselhds.center/wp-content/uploads/2025/02/d3ec0b0f1fff8a86b2ba0d4b1438c14b.jpg?resize=400%2C600,,
Night Call 2024,https://faselhds.center/wp-content/uploads/2025/02/fd5b23a661699502a0b5f70e53279ef1.jpg?resize=400%2C600,,
Faith of Angels 2024,https://faselhds.center/wp-content/uploads/2025/02/db9c8be366f318a04db31f35c74288a9.jpg?resize=400%2C600,,
BFFs 2024,https://faselhds.center/wp-content/uploads/2025/02/e868eb14a6d0111193dcad4a6eaf2648-400x600.jpg?resize=400%2C600,,
Rob Peace 2024,https://faselhds.center/wp-content/uploads/2025/02/f1c4769a0b0dffb9e2710145f4b4774f.jpg?resize=400%2C600,,
The Last Front 2024,https://faselhds.center/wp-content/uploads/2025/02/54cf8db809e2f139c88a4137fcdbb7ba.jpg?resize=400%2C600,,
Depravity 2024,https://faselhds.center/wp-content/uploads/2025/02/a0ff13c07c11272644cbca56b24bd5fb.jpg?resize=400%2C600,,
Ala Vaikunthapurramuloo 2020,https://faselhds.center/wp-content/uploads/2025/02/08143233dc4640e02f360231522113f6.jpg?resize=400%2C600,,
September 5 2024,https://faselhds.center/wp-content/uploads/2025/02/fcbaca2b6f5b4da939bc1737d7d45ffc.jpg?resize=400%2C600,,
Lucca’s World 2025,https://faselhds.center/wp-content/uploads/2025/01/1d36742696fa1559802a795d360a935b.jpg?resize=400%2C600,,
Henry Danger: The Movie 2025,https://faselhds.center/wp-content/uploads/2025/01/5aefbf69119c9be20efe22a73e2eeb77.jpg?resize=400%2C600,,
Mudbrick 2023,https://faselhds.center/wp-content/uploads/2025/01/34ab85e52cd3bf30e4b19d5eb0dc0c0e.jpg?resize=400%2C600,,
You’re Cordially Invited 2025,https://faselhds.center/wp-content/uploads/2025/01/3e6cc0fe4b809bbc811aeaec74fb700b-400x600.jpg?resize=400%2C600,,
Below 2023,https://faselhds.center/wp-content/uploads/2025/01/f9adcb7908d6784a44d4c3be0b0fa07b.jpg?resize=400%2C600,,
Den of Thieves 2: Pantera 2025,https://faselhds.center/wp-content/uploads/2025/01/60bd914002bda91b9ea5a40f68c1c5e8.jpg?resize=400%2C600,,
The Fire Inside 2024,https://faselhds.center/wp-content/uploads/2025/01/8eacabaae4b56219673163c71fbf4e5e.jpg?resize=400%2C600,,
Grafted 2024,https://faselhds.center/wp-content/uploads/2025/01/383bc3aadcd8309b04eb73d14c5b7fc1.jpg?resize=400%2C600,,
Babygirl 2024,https://faselhds.center/wp-content/uploads/2025/01/c581ee666481ede2d1bf6f9c72a64042.jpg?resize=400%2C600,,
The Absence of Eden 2023,https://faselhds.center/wp-content/uploads/2025/01/ef22cb138b928a2d6d02aef3488f2aea.jpg?resize=400%2C600,,
Moana 2 2024,https://faselhds.center/wp-content/uploads/2025/01/578c0f52ab73cdc81a8b868be1c1dfd9.jpg?resize=400%2C600,,
Grave Torture 2024,https://faselhds.center/wp-content/uploads/2025/01/352fbee6380d8d21b56b804c47d0b9ad.jpg?resize=400%2C600,,
You Shall Not Sleep Tonight 2024,https://faselhds.center/wp-content/uploads/2025/01/85aa8b7abc7a4e59b0e0a1b7da0e6d4d.jpg?resize=400%2C600,,
The Girl with the Needle 2024,https://faselhds.center/wp-content/uploads/2025/01/1d0929118677d63199f0f474f49b6199.jpg?resize=400%2C600,,
Nightbitch 2024,https://faselhds.center/wp-content/uploads/2025/01/61e2dd1c5db8606ce210901a3da1cb37.jpg?resize=400%2C600,,
Masquerade Mix-Up 2025,https://faselhds.center/wp-content/uploads/2025/01/f1c534c34d2bd8ba98a999a0c1a04c89.jpg?resize=400%2C600,,
Distant 2024,https://faselhds.center/wp-content/uploads/2025/01/6d35d8830eefea8ed85ee6ba8126dc2c.jpg?resize=400%2C600,,
Amazon Bullseye 2024,https://faselhds.center/wp-content/uploads/2025/01/a8043629a688b28515c077ae8b7dc9e2.jpg?resize=400%2C600,,
Never Look Away 2024,https://faselhds.center/wp-content/uploads/2025/01/f7e2f4329c1735acbc84f01feb760872.jpg?resize=400%2C600,,
Into the Deep 2025,https://faselhds.center/wp-content/uploads/2025/01/deeabd41e32dbe39e4ee6b573683414c-400x600.jpg?resize=400%2C600,,
72 Hours 2024,https://faselhds.center/wp-content/uploads/2025/01/c8732de366bb09494fe14e9f9f47b76d.jpg?resize=400%2C600,,
The End 2024,https://faselhds.center/wp-content/uploads/2025/01/e42f7d5a5a3f09afc9840ebb5f18cbca.jpg?resize=400%2C600,,
The Girl in the Pool 2024,https://faselhds.center/wp-content/uploads/2025/01/cc5cd743ca5f8516b716fef3e9b94c3b.jpg?resize=400%2C600,,
Sonic the Hedgehog 3 2024,https://faselhds.center/wp-content/uploads/2025/01/9117fd29dd5ce0e0213b2fe4bdfaf1df.jpg?resize=400%2C600,,
The Damned 2024,https://faselhds.center/wp-content/uploads/2025/01/47c47230a3de789eafd0fc2dad31ca66.jpg?resize=400%2C600,,
Sniper: The Last Stand 2025,https://faselhds.center/wp-content/uploads/2025/01/12e324df64ccfe4de0bcfd6eb1c64d7e-400x600.jpg?resize=400%2C600,,
Singing in My Sleep 2024,https://faselhds.center/wp-content/uploads/2025/01/98bb0de24ff58132cf1e24e47ef1219f.jpg?resize=400%2C600,,
Piece by Piece 2024,https://faselhds.center/wp-content/uploads/2025/01/70f8fd726c43e98ba4aa4031be82875e.jpg?resize=400%2C600,,
Man with No Past 2025,https://faselhds.center/wp-content/uploads/2025/01/15bd3775bf758202bac7efc1983764f3.jpg?resize=400%2C600,,
Nosferatu 2024,https://faselhds.center/wp-content/uploads/2025/01/7852a7826993e75c7ff9bdef8d7426e7.jpg?resize=400%2C600,,
Clear Cut 2024,https://faselhds.center/wp-content/uploads/2025/01/0cd1785415d9d3c89c14c500a663a517.jpg?resize=400%2C600,,
Camp 2023,https://faselhds.center/wp-content/uploads/2025/01/1b7691f6e992cb906c9b459520155034.jpg?resize=400%2C600,,
Hunters on a White Field 2024,https://faselhds.center/wp-content/uploads/2025/01/f99ce6645957b785922d961310e9d562.jpg?resize=400%2C600,,
The Man in the White Van 2024,https://faselhds.center/wp-content/uploads/2025/01/cd8bea871884564a64da407c782935a6.jpg?resize=400%2C600,,
Invasive 2024,https://faselhds.center/wp-content/uploads/2025/01/e1b901552542f9f65ee03bf9bef7ecdd.jpg?resize=400%2C600,,
Kiss of Death 1995,https://faselhds.center/wp-content/uploads/2025/01/a18b371e9930556e0769fa1496644d29.jpg?resize=400%2C600,,
Teasing Master Takagi-san Movie 2024,https://faselhds.center/wp-content/uploads/2025/01/df0ee9d0e9e82573215c8a34ac5f055a.jpg?resize=400%2C600,,
Super/Man: The Christopher Reeve Story 2024,https://faselhds.center/wp-content/uploads/2025/01/645d5213190f000492b1660e1a4a5eaa.jpg?resize=400%2C600,,
Parachute 2023,https://faselhds.center/wp-content/uploads/2025/01/f1344fd9f71cbee76fc86c46a9289436.jpg?resize=400%2C600,,
Lonely Flowers 2025,https://faselhds.center/wp-content/uploads/2025/01/37ce0c4f2f0145ee5896e1ece8a3f757.jpg?resize=400%2C600,,
Life Is But a Dream 2022,https://faselhds.center/wp-content/uploads/2025/01/44e0dd147ba92952e845cd3d0ddaec16.jpg?resize=400%2C600,,
Hear Me: Our Summer 2024,https://faselhds.center/wp-content/uploads/2025/01/ae210cc6a4e8a0824ee511479d67e596.jpg?resize=400%2C600,,
Here to Climb 2024,https://faselhds.center/wp-content/uploads/2025/01/a06ff65d35a3b24a8426be331a95adc7.jpg?resize=400%2C600,,
Alarum 2025,https://faselhds.center/wp-content/uploads/2025/01/7252ef1a86d02768358429e175864932-400x600.jpg?resize=400%2C600,,
100 Yards 2023,https://faselhds.center/wp-content/uploads/2025/01/69baeca37dd0665b961435f76c5fd6da.jpg?resize=400%2C600,,
Back in Action 2025,https://faselhds.center/wp-content/uploads/2025/01/b0cd0bd44282ee9f854c04c167e70f3c.jpg?resize=400%2C600,,
Unstoppable: The Anthony Robles Story 2024,https://faselhds.center/wp-content/uploads/2025/01/11dd9a1bda732808bd4bad5dd4cea691-400x600.jpg?resize=400%2C600,,
Sebastian Fitzeks Der Heimweg 2025,https://faselhds.center/wp-content/uploads/2025/01/931e3fc01ed63234f8e1b443cdb26b85.jpg?resize=400%2C600,,
Black Cab 2024,https://faselhds.center/wp-content/uploads/2025/01/1d2b3ecf81cc509745fa8b003fe101a1.jpg?resize=400%2C600,,
Kingdom 4: Return of the Great General 2024,https://faselhds.center/wp-content/uploads/2025/01/0836bd2dc314d1e19d283600011e10bb.jpg?resize=400%2C600,,
Get Away 2024,https://faselhds.center/wp-content/uploads/2025/01/a2ff634a06d8ed4cbdd7150b2bb45c24.jpg?resize=400%2C600,,
Kromoleo 2024,https://faselhds.center/wp-content/uploads/2025/01/064d15562f846f8f7cdeb926e3164afa.jpg?resize=400%2C600,,
Kraven: The Hunter 2024,https://faselhds.center/wp-content/uploads/2025/01/009e3383653ea67f50c5da2fa59ec8ed.jpg?resize=400%2C600,,
The Room Next Door 2024,https://faselhds.center/wp-content/uploads/2025/01/69b8cd31848ed0eacfcf6f1caf0daba7.jpg?resize=400%2C600,,
SuperKlaus 2024,https://faselhds.center/wp-content/uploads/2025/01/84a1ee23ee5e86fd0704a09ef2c18070.jpg?resize=400%2C600,,
Valentine’s Town 2024,https://faselhds.center/wp-content/uploads/2025/01/bfd2799131b08ac081b1283bbb82fa69.jpg?resize=400%2C600,,
Louder: The Soundtrack of Change 2024,https://faselhds.center/wp-content/uploads/2025/01/7a00d05659936e9a43ccb958fab12701.jpg?resize=400%2C600,,
Life After Fighting 2024,https://faselhds.center/wp-content/uploads/2025/01/3e3396a2febe426f73fcf1948a537d41.jpg?resize=400%2C600,,
Laws of Man 2024,https://faselhds.center/wp-content/uploads/2025/01/87922e4c6e66e3de73401a69c42ded34.jpg?resize=400%2C600,,
Operation Arctic Cure 2024,https://faselhds.center/wp-content/uploads/2025/01/01b7915c88e47a379a7214307d2c929c.jpg?resize=400%2C600,,
Fungi 2023,https://faselhds.center/wp-content/uploads/2025/01/7ffb1df3f23459043eb1356bf6d6b0ee.jpg?resize=400%2C600,,
Bank of Dave 2 : The Loan Ranger 2025,https://faselhds.center/wp-content/uploads/2025/01/7046252de4dcac048c952a16157d4a10.jpg?resize=400%2C600,,
2073 2024,https://faselhds.center/wp-content/uploads/2025/01/f2c66279e7e011e36cf596f93e3dcb95.jpg?resize=400%2C600,,
Bank of Dave 2023,https://faselhds.center/wp-content/uploads/2025/01/abf7ebbe1c76ae0beecb83e057013746.jpg?resize=400%2C600,,
The Bibi Files 2024,https://faselhds.center/wp-content/uploads/2025/01/476517d33359a7fc29850bd2aab4e803.jpg?resize=400%2C600,,
Sight 2023,https://faselhds.center/wp-content/uploads/2025/01/9fc7164b55d74432d322b0ec0755a913.jpg?resize=400%2C600,,
Scott and Sid 2021,https://faselhds.center/wp-content/uploads/2025/01/1c0d9383e1eb4816f984ebc73e586d54.jpg?resize=400%2C600,,
The Santa Assist 2024,https://faselhds.center/wp-content/uploads/2025/01/233c210cebd6caf20afa3a656580d9af-400x600.jpg?resize=400%2C600,,
My Nanny Stole My Life 2024,https://faselhds.center/wp-content/uploads/2025/01/f90fcdbe506931657a02d425ed23d45e.jpg?resize=400%2C600,,
عرض Gabriel Iglesias: Legend of Fluffy 2025,https://faselhds.center/wp-content/uploads/2025/01/a96f98755408999333744d0f9a8caed9-400x600.jpg?resize=400%2C600,,
F Plus 2024,https://faselhds.center/wp-content/uploads/2025/01/52e3f9e05b2759c8e861292b5503c7b1.jpg?resize=400%2C600,,
Camera 2024,https://faselhds.center/wp-content/uploads/2025/01/78c08a1aa3b03092be9c25d96aee6f8f.jpg?resize=400%2C600,,
Ad Vitam 2025,https://faselhds.center/wp-content/uploads/2025/01/d5cdd57d81115052dfddb33f39588289-400x600.jpg?resize=400%2C600,,
Ghost Cat Anzu 2024,https://faselhds.center/wp-content/uploads/2025/01/d18f517390551187c35506c65f4f6061.jpg?resize=400%2C600,,
I Want to Talk 2024,https://faselhds.center/wp-content/uploads/2025/01/67e36380e45cfbaf9f7af0a032d2967f.jpg?resize=400%2C600,,
After the Bite 2023,https://faselhds.center/wp-content/uploads/2025/01/a08bda485c324b337fd19bfb7618338b.jpg?resize=400%2C600,,
A Real Pain 2024,https://faselhds.center/wp-content/uploads/2025/01/a7a63b6165aeeee84e9e9ddee2f4db23.jpg?resize=400%2C600,,
Devils Stay 2024,https://faselhds.center/wp-content/uploads/2025/01/7fca6d6888c08e32b4af1ea451f763b7.jpg?resize=400%2C600,,
The Devil’s Climb 2024,https://faselhds.center/wp-content/uploads/2025/01/1495b55805d457d9c98440d91eaf8578.jpg?resize=400%2C600,,
All We Imagine as Light 2024,https://faselhds.center/wp-content/uploads/2025/01/b00317f527e3944fb526735cd6a7dd6b.jpg?resize=400%2C600,,
Desert Dawn 2025,https://faselhds.center/wp-content/uploads/2025/01/c19001a967379a78079ad76351dd99e4-400x600.jpg?resize=400%2C600,,
Mufasa: The Lion King 2024,https://faselhds.center/wp-content/uploads/2025/01/d2d3bb4ea6f3017a04d17062a38cf1a3.jpg?resize=400%2C600,,
The Lines That Define Me 2022,https://faselhds.center/wp-content/uploads/2025/01/02f5f0ee9951cb0856e524a5912a498d.jpg?resize=400%2C600,,
The Mummy Murders 2023,https://faselhds.center/wp-content/uploads/2025/01/538df70165fe0f0c769546583cffffd3.jpg?resize=400%2C600,,
Catching Dust 2023,https://faselhds.center/wp-content/uploads/2025/01/82ab432a0c73cec17ae54c2ce2a086c4.jpg?resize=400%2C600,,
"Umjolo: My Beginnings, My End! 2025",https://faselhds.center/wp-content/uploads/2025/01/264562bbc9c5de6c5e66eb949a5566b0-400x600.jpg?resize=400%2C600,,
Wallace & Gromit: Vengeance Most Fowl 2024,https://faselhds.center/wp-content/uploads/2025/01/ea28e7d6567eebf589facd2dd3fbaa61.jpg?resize=400%2C600,,
He Ain’t Heavy 2024,https://faselhds.center/wp-content/uploads/2025/01/90589d66a8d9fbc8203e91808a74fc3a.jpg?resize=400%2C600,,
City of Dreams 2023,https://faselhds.center/wp-content/uploads/2025/01/4b003cf66db65dcf7a7efd4ed95f3811-400x600.jpg?resize=400%2C600,,
Cult of the Devil 2023,https://faselhds.center/wp-content/uploads/2025/01/aef655d23da636f07fa1027674c6a80b.jpg?resize=400%2C600,,
Panda Plan 2024,https://faselhds.center/wp-content/uploads/2025/01/78e1c25ae68db3f0cfcc775f2b730592.jpg?resize=400%2C600,,
Cunk on Life 2024,https://faselhds.center/wp-content/uploads/2025/01/cf40a7fbb22985c739b3f777f8065563-400x600.jpg?resize=400%2C600,,
Young Werther 2024,https://faselhds.center/wp-content/uploads/2025/01/4d7673861fb3bca7637405a1d1994378-400x600.jpg?resize=400%2C600,,
Expedition Amazon 2024,https://faselhds.center/wp-content/uploads/2025/01/2e5492362f54a9040e83ab2364b7273d.jpg?resize=400%2C600,,
The Love Scam 2025,https://faselhds.center/wp-content/uploads/2025/01/1844e9630b84cae559ec7ab831e39450.jpg?resize=400%2C600,,
The Last Kumite 2024,https://faselhds.center/wp-content/uploads/2025/01/6bd063384884f29bc6a1424bd37dddcb.jpg?resize=400%2C600,,
Outlaw Posse 2024,https://faselhds.center/wp-content/uploads/2025/01/f2d2b9a1d8a5411aa9c18756137b8639.jpg?resize=400%2C600,,
NR. 24 2024,https://faselhds.center/wp-content/uploads/2025/01/833a09455b0033d10fdda4ed68970b55.jpg?resize=400%2C600,,
Kung Fu Games 2024,https://faselhds.center/wp-content/uploads/2025/01/4a3f81393d839f47a50b867523e89d09.jpg?resize=400%2C600,,
Don’t Die: The Man Who Wants to Live Forever 2025,https://faselhds.center/wp-content/uploads/2025/01/557fb3393a4a0e511005304ac56a3ac2.jpg?resize=400%2C600,,
Michelle Buteau: A Buteau-ful Mind at Radio City Music Hall 2024,https://faselhds.center/wp-content/uploads/2024/12/466fc8d05a244fbae1adf770d3dc0972-400x600.jpg?resize=400%2C600,,
Avicii: My Last Show 2024,https://faselhds.center/wp-content/uploads/2024/12/aeed7ff9b16e48edb3ceaecb97796bfd-400x600.jpg?resize=400%2C600,,
My Tiger Family 2024,https://faselhds.center/wp-content/uploads/2024/12/88b92d9f433f08c5c2bc031815a244f4.jpg?resize=400%2C600,,
Avicii – I’m Tim 2024,https://faselhds.center/wp-content/uploads/2024/12/d178620b34c25dd8d0cb3c6e2f67aeac.jpg?resize=400%2C600,,
Wicked 2024,https://faselhds.center/wp-content/uploads/2024/12/4e84c6e671d9d7edde6801c6e6278da7.jpg?resize=400%2C600,,
Xia ri de ning meng cao 2024,https://faselhds.center/wp-content/uploads/2024/12/721d89366d8c55e60f84d0e9cd1c600f.jpg?resize=400%2C600,,
Cloud 2024,https://faselhds.center/wp-content/uploads/2024/12/b93815b76c3521b98da0e2aac77577af.jpg?resize=400%2C600,,
Buffalo Kids 2024,https://faselhds.center/wp-content/uploads/2024/12/0898438f852ee8aca9f5ba42d11b694f.jpg?resize=400%2C600,,
Bonhoeffer: Pastor. Spy. Assassin. 2024,https://faselhds.center/wp-content/uploads/2024/12/4a707252e3ab6ea2f85ad0b67c9d6c03.jpg?resize=400%2C600,,
The New Year That Never Came 2024,https://faselhds.center/wp-content/uploads/2024/12/294c50e93f498c95ff7e5ee53d6c3f8d.jpg?resize=400%2C600,,
Ai de e meng 2024,https://faselhds.center/wp-content/uploads/2024/12/ca285d56e2c4622f1ff1facadccabff5.jpg?resize=400%2C600,,
Songs of Earth 2023,https://faselhds.center/wp-content/uploads/2024/12/323f749b673f888016c2fc440d9a8511.jpg?resize=400%2C600,,
Runt 2024,https://faselhds.center/wp-content/uploads/2024/12/d42205a4e287cffa6f4f1ae41c650a92.jpg?resize=400%2C600,,
Anora 2024,https://faselhds.center/wp-content/uploads/2024/12/eac61c84c29d29b04ec4563425586cdb.jpg?resize=400%2C600,,
Close to You 2023,https://faselhds.center/wp-content/uploads/2024/12/87369d6f65f471c0b592391c334208e0.jpg?resize=400%2C600,,
Bhool Bhulaiyaa 3 2024,https://faselhds.center/wp-content/uploads/2024/12/6b365b03e39e0016ae3bd2b8c40981b8.jpg?resize=400%2C600,,
Unit 234 2024,https://faselhds.center/wp-content/uploads/2024/12/29c020f39a07d707c13d9927a79e17e7.jpg?resize=400%2C600,,
Sharks: Predators of the Deep 2024,https://faselhds.center/wp-content/uploads/2024/12/4128a7751b6871bbb4b49dd4dc5bc00e.jpg?resize=400%2C600,,
The Return 2024,https://faselhds.center/wp-content/uploads/2024/12/ffb052276b1b4ded82679aaa92629cd4.jpg?resize=400%2C600,,
The Lord of the Rings: The War of the Rohirrim 2024,https://faselhds.center/wp-content/uploads/2024/12/22135479856bb99182a96b7a817f4868.jpg?resize=400%2C600,,
Your Fault 2024,https://faselhds.center/wp-content/uploads/2024/12/8905cc447d790b6268f9f5a9c8e28d1c-400x600.jpg?resize=400%2C600,,
Shadow Land 2024,https://faselhds.center/wp-content/uploads/2024/12/8e3259bda5026917dadcbe682925493f.jpg?resize=400%2C600,,
Y2K 2024,https://faselhds.center/wp-content/uploads/2024/12/21aadc4e0060df361ba35aba811943de.jpg?resize=400%2C600,,
Bhairathi Ranagal 2024,https://faselhds.center/wp-content/uploads/2024/12/4f5b1e00179a7c9333f711367efa12eb.jpg?resize=400%2C600,,
Werewolves 2024,https://faselhds.center/wp-content/uploads/2024/12/369a468892a9aefb04544f85bf6bbf09.jpg?resize=400%2C600,,
Gold: A Journey with Idris Elba 2023,https://faselhds.center/wp-content/uploads/2024/12/ac38016e476d7172804f574f2674442c.jpg?resize=400%2C600,,
"Your Friend, Nate Bargatze 2024",https://faselhds.center/wp-content/uploads/2024/12/5954854fe829ac406bf0c3158cd9b88c-400x600.jpg?resize=400%2C600,,
Gladiator II 2024,https://faselhds.center/wp-content/uploads/2024/12/ccb453c80e0bb20a1ae4953a707d469c.jpg?resize=400%2C600,,
The Price of Money: A Largo Winch Adventure 2024,https://faselhds.center/wp-content/uploads/2024/12/46da18f8e1039e319e2b3133caec1993.jpg?resize=400%2C600,,
Panda Bear in Africa 2024,https://faselhds.center/wp-content/uploads/2024/12/b15b4ea12d4f8891f23c35d3d2b5b504.jpg?resize=400%2C600,,
Succubus 2024,https://faselhds.center/wp-content/uploads/2024/12/aa6104ae7b084be048e91b31e1b3d7ed.jpg?resize=400%2C600,,
Andrea Bocelli 30: The Celebration 2024,https://faselhds.center/wp-content/uploads/2024/12/fa7719c3443d60105b87a8f5b1255d66.jpg?resize=400%2C600,,
The Way We Speak 2024,https://faselhds.center/wp-content/uploads/2024/12/5c45d3f1491f342118a34de45289ec02.jpg?resize=400%2C600,,
Spithood 2024,https://faselhds.center/wp-content/uploads/2024/12/f02657f689384169fee913fc7ae8631e.jpg?resize=400%2C600,,
Shackleton: The Greatest Story of Survival 2024,https://faselhds.center/wp-content/uploads/2024/12/ba72abb4467edbee792af999a7f21569.jpg?resize=400%2C600,,
Half Baked: Totally High 2024,https://faselhds.center/wp-content/uploads/2024/12/f4cb8691511055c1982506f8d00916c4.jpg?resize=400%2C600,,
From Embers 2024,https://faselhds.center/wp-content/uploads/2024/12/2b61b3dc55fed30e2304d23b8fbd0841.jpg?resize=400%2C600,,
Bird 2024,https://faselhds.center/wp-content/uploads/2024/12/03f44539a8a9c0abb8ecdea59345567e.jpg?resize=400%2C600,,
Ilana Glazer: Human Magic 2024,https://faselhds.center/wp-content/uploads/2024/12/0651d0d69fbfcfb6f40649d9b8415234-400x600.jpg?resize=400%2C600,,
Attenborough and the Giant Sea Monster 2024,https://faselhds.center/wp-content/uploads/2024/12/ba2cdf4e614d5096b53ca61c60928efe.jpg?resize=400%2C600,,
Sakaratul Maut 2024,https://faselhds.center/wp-content/uploads/2024/12/8492ea42d59740f5f827a3647d09096d.jpg?resize=400%2C600,,
The Last Bumblebee 2024,https://faselhds.center/wp-content/uploads/2024/12/7c4f3f8450a0b730f6aaa0aa666a547e.jpg?resize=400%2C600,,
The Order 2024,https://faselhds.center/wp-content/uploads/2024/12/2ea2e5f8c22b2e8f5914532e99955b2c.jpg?resize=400%2C600,,
Yo Yo Honey Singh: Famous 2024,https://faselhds.center/wp-content/uploads/2024/12/75533cbb2295e999a7ec951ec54ff00a.jpg?resize=400%2C600,,
Umjolo: Day Ones 2024,https://faselhds.center/wp-content/uploads/2024/12/3f5e3fbf9df293899217004aa4ab6841.jpg?resize=400%2C600,,
The Six Triple Eight 2024,https://faselhds.center/wp-content/uploads/2024/12/b14ee5f49985774df71c91fe93f3d011.jpg?resize=400%2C600,,
Love in the Big City 2024,https://faselhds.center/wp-content/uploads/2024/12/a09493285301c36b55edd83b9a8fb10c.jpg?resize=400%2C600,,
Ferry 2 2024,https://faselhds.center/wp-content/uploads/2024/12/cbb9637f38dd85abdb8bb799baeca1ff-400x600.jpg?resize=400%2C600,,
Christmas in Lagos 2024,https://faselhds.center/wp-content/uploads/2024/12/7a5674b3356f84bd7c88e4389794e18d.jpg?resize=400%2C600,,
Into the Ice 2022,https://faselhds.center/wp-content/uploads/2024/12/c544ccfe1ba2775de83e55b927a46f0d.jpg?resize=400%2C600,,
Jigra 2024,https://faselhds.center/wp-content/uploads/2024/12/70546cc4b9cfc98ac320af5b28a4d061.jpg?resize=400%2C600,,
Julia’s Stepping Stones 2024,https://faselhds.center/wp-content/uploads/2024/12/d468f44ce94e1ca5ff6429e1065648f5-400x600.jpg?resize=400%2C600,,
I Heard the Bells 2022,https://faselhds.center/wp-content/uploads/2024/12/e7d564309f20a190b916aa6d9d35737e.jpg?resize=400%2C600,,
O C’mon All Ye Faithful 2024,https://faselhds.center/wp-content/uploads/2024/12/76e0a387de6170b4f9bf2270369a8f26.jpg?resize=400%2C600,,
Blink 2024,https://faselhds.center/wp-content/uploads/2024/12/61fe9e58dc13bbbb50b83cead1fafc10.jpg?resize=400%2C600,,
Ronny Chieng: Love to Hate It 2024,https://faselhds.center/wp-content/uploads/2024/12/ccae6779cc7f8ca1e7e8e5e282b42e89-400x600.jpg?resize=400%2C600,,
Small Things Like These 2024,https://faselhds.center/wp-content/uploads/2024/12/a407bebf881843ed64d04163524dd445.jpg?resize=400%2C600,,
Wake Up 2023,https://faselhds.center/wp-content/uploads/2024/12/12719e6e67ddeed2046449d9e3a7f72d.jpg?resize=400%2C600,,
Dick Dynamite 1944 2024,https://faselhds.center/wp-content/uploads/2024/12/1c2095e489a349675dccf76cd9621761.jpg?resize=400%2C600,,
Don Q 2024,https://faselhds.center/wp-content/uploads/2024/12/cbc76e4d85dceeb9f6be4aaba106175f.jpg?resize=400%2C600,,
A Knight’s War 2024,https://faselhds.center/wp-content/uploads/2024/12/6e69b7ef1e635c67244fd0d61bb1c2db-400x600.jpg?resize=400%2C600,,
Night Explorers: The Asylum 2023,https://faselhds.center/wp-content/uploads/2024/12/e23b02e3baed610f482c438bd7823570.jpg?resize=400%2C600,,
Haunted Heart 2024,https://faselhds.center/wp-content/uploads/2024/12/5f38ec25c94181709511c7b85e693431.jpg?resize=400%2C600,,
Miss Valentine 2024,https://faselhds.center/wp-content/uploads/2024/12/aca9e0edd28f901e9761bdd750818900-400x600.jpg?resize=400%2C600,,
A Great Divide 2023,https://faselhds.center/wp-content/uploads/2024/12/280be7174822eed979853c97131666fe.jpg?resize=400%2C600,,
Mourning Rock 2024,https://faselhds.center/wp-content/uploads/2024/12/acad60079710e2a5f5dd3f2d5935acea.jpg?resize=400%2C600,,
"Canadian, Sniper 2024",https://faselhds.center/wp-content/uploads/2024/12/e0d7cb560e0e96078a42ef3b6bdd9386.jpg?resize=400%2C600,,
Singham Again 2024,https://faselhds.center/wp-content/uploads/2024/12/fe3a1f710cf24cd0f3c0eeec876ed479.jpg?resize=400%2C600,,
Elton John: Never Too Late 2024,https://faselhds.center/wp-content/uploads/2024/12/b7fdbb92535e7a73d0cef3882da2c937.jpg?resize=400%2C600,,
Shadows Side 2024,https://faselhds.center/wp-content/uploads/2024/12/700247ac68b5568028d7956c374fdacd-400x600.jpg?resize=400%2C600,,
Mechanic Rocky 2024,https://faselhds.center/wp-content/uploads/2024/12/57a392c3ba5e44bdc1f0e18c7aed57f1.jpg?resize=400%2C600,,
Carry On 2024,https://faselhds.center/wp-content/uploads/2024/12/46940edacfd46035ee6ffa2e14ac0525.jpg?resize=400%2C600,,
Disaster Holiday 2024,https://faselhds.center/wp-content/uploads/2024/12/34dcc90374875e6b79d72e79eaf7a8ba-400x600.jpg?resize=400%2C600,,
Dirty Angels 2024,https://faselhds.center/wp-content/uploads/2024/12/5754c3fffa93cf5f3ca2a7a58279a402.jpg?resize=400%2C600,,
SSSS.Dynazenon Movie 2023,https://faselhds.center/wp-content/uploads/2024/12/acf98b317d8fd577825474f595d30b44-400x600.jpg?resize=400%2C600,,
Kizumonogatari: Koyomi Vamp 2024,https://faselhds.center/wp-content/uploads/2024/12/f694ad2c9bef66ee5e764faa7d56d08a-400x600.jpg?resize=400%2C600,,
Thangalaan 2024,https://faselhds.center/wp-content/uploads/2024/12/98b7bbe82995d007f0ec99c096a09190.jpg?resize=400%2C600,,
Los Williams 2024,https://faselhds.center/wp-content/uploads/2024/12/f7bb793411aab7b33e5e3def7cd3f14c.jpg?resize=400%2C600,,
Maria 2024,https://faselhds.center/wp-content/uploads/2024/12/b7de28831559fbe10416e2ca952c4b1f.jpg?resize=400%2C600,,
Conclave 2024,https://faselhds.center/wp-content/uploads/2024/11/98f538e3501f4af3f1097623224aa1a3.jpg?resize=400%2C600,,
Red One 2024,https://faselhds.center/wp-content/uploads/2024/12/829cf84455fe8ed5493b3b85698095ca.jpg?resize=400%2C600,,
Een Schitterend Gebrek 2024,https://faselhds.center/wp-content/uploads/2024/12/4919031ec48b3fc3a4f63ec6cd2b63a9.jpg?resize=400%2C600,,
Timestalker 2024,https://faselhds.center/wp-content/uploads/2024/12/049ba0b7efce019f03048b0ba611e7e3.jpg?resize=400%2C600,,
Kanguva 2024,https://faselhds.center/wp-content/uploads/2024/12/03592e7dd5c3e387d98865b6a32d6c58.jpg?resize=400%2C600,,
Satanic Hispanics 2022,https://faselhds.center/wp-content/uploads/2024/12/e6fe9158c13209b826c7aa038e80ec41.jpg?resize=400%2C600,,
French Girl 2024,https://faselhds.center/wp-content/uploads/2024/12/d6b84344c4c598440dee59dff4103253.jpg?resize=400%2C600,,
Makayla’s Voice: A Letter to the World 2024,https://faselhds.center/wp-content/uploads/2024/12/cde1dd2378f40e8e90199e79ac3b4800.jpg?resize=400%2C600,,
Ghost Game 2024,https://faselhds.center/wp-content/uploads/2024/12/8c95c8771d6c1f9a02ea4f15e2475077.jpg?resize=400%2C600,,
Colonials 2023,https://faselhds.center/wp-content/uploads/2024/12/09064f90f9c9292ab43599caefe308d8.jpg?resize=400%2C600,,
Arctic Void 2022,https://faselhds.center/wp-content/uploads/2024/12/53b0ab83907f189f8bd2ffd40ec4ae49.jpg?resize=400%2C600,,
Angry Neighbors 2022,https://faselhds.center/wp-content/uploads/2024/12/ddd5e0ddc0536f8dce9b80dd9936412d.jpg?resize=400%2C600,,
The Radleys 2024,https://faselhds.center/wp-content/uploads/2024/12/802f3620e18960ff43d5eb5ddee9a6a3.jpg?resize=400%2C600,,
The Best Christmas Pageant Ever 2024,https://faselhds.center/wp-content/uploads/2024/12/8f172cfb2b04113a5eab97cbca04597e.jpg?resize=400%2C600,,
Sugarcane 2024,https://faselhds.center/wp-content/uploads/2024/12/32337690ad8074bf51fb15789e2b4631.jpg?resize=400%2C600,,
Jamie Foxx: What Had Happened Was… 2024,https://faselhds.center/wp-content/uploads/2024/12/5e31bc4dcbfc72dfc7ac36015fb1a25b-400x600.jpg?resize=400%2C600,,
Heretic 2024,https://faselhds.center/wp-content/uploads/2024/12/2f3a392fa4fe63d51a985b918a63ee17.jpg?resize=400%2C600,,
Goodrich 2024,https://faselhds.center/wp-content/uploads/2024/12/285ee4743405ff734a360cea268a5b8c.jpg?resize=400%2C600,,
Venom: The Last Dance 2024,https://faselhds.center/wp-content/uploads/2024/12/bd68e7b2999aae44f60cd4b213b71fe9.jpg?resize=400%2C600,,
Princess Halle and the Jester 2024,https://faselhds.center/wp-content/uploads/2024/12/c0b63dfea28d508713203f3ef8f5aaa9.jpg?resize=400%2C600,,
Pilot 2024,https://faselhds.center/wp-content/uploads/2024/12/af5b8b2eed66e5fb435258593b2fa656.jpg?resize=400%2C600,,
A Nonsense Christmas with Sabrina Carpenter 2024,https://faselhds.center/wp-content/uploads/2024/12/8d35864e5c6e97cdea1a55c05db7b01e.jpg?resize=400%2C600,,
12 to Midnight 2024,https://faselhds.center/wp-content/uploads/2024/12/7a06f782ed0ab3fdad4609c5dc02ceab.jpg?resize=400%2C600,,
Year 10 2024,https://faselhds.center/wp-content/uploads/2024/12/e07d915fc6f029c6712ab432c5aee1c9.jpg?resize=400%2C600,,
Mary 2024,https://faselhds.center/wp-content/uploads/2024/12/125c96b932557609da6c5f77a53e8bfb.jpg?resize=400%2C600,,
Hayao Miyazaki and the Heron 2024,https://faselhds.center/wp-content/uploads/2024/12/aa0753a1e98226dc62204af17a027b8f.jpg?resize=400%2C600,,
Campamento con mamá 2024,https://faselhds.center/wp-content/uploads/2024/12/0a44da9aa0691ddb8334577aae500f2c-400x600.jpg?resize=400%2C600,,
Biggest Heist Ever 2024,https://faselhds.center/wp-content/uploads/2024/12/65a2bb9bcd03991462f86e02f7ec1c51-400x600.jpg?resize=400%2C600,,
The Red Virgin 2024,https://faselhds.center/wp-content/uploads/2024/12/7a165e557066e916cf9787363a737deb.jpg?resize=400%2C600,,
Levels 2024,https://faselhds.center/wp-content/uploads/2024/12/46083f7263810697397f01a94672dccf.jpg?resize=400%2C600,,
Khel Khel Mein 2024,https://faselhds.center/wp-content/uploads/2024/12/ee0af8be310d4c504e3fbbef8dcbac5c.jpg?resize=400%2C600,,
The Only Girl in the Orchestra 2024,https://faselhds.center/wp-content/uploads/2024/12/e149f8c26d14500c8342532863f782ea-400x600.jpg?resize=400%2C600,,
The Children’s Train 2024,https://faselhds.center/wp-content/uploads/2024/12/5682f3935873d64e429410ff34ee9d92.jpg?resize=400%2C600,,
That Christmas 2024,https://faselhds.center/wp-content/uploads/2024/12/e96872e9f1cf94927cbd21a8abe06065.jpg?resize=400%2C600,,
All You Need Is Blood 2023,https://faselhds.center/wp-content/uploads/2024/12/f19fe898cb68d7a6b945fe399b5dcddc.jpg?resize=400%2C600,,
Meiyazhagan 2024,https://faselhds.center/wp-content/uploads/2024/12/a75429dfac967dff49297fa309b99354.jpg?resize=400%2C600,,
Princesa Adormecida 2024,https://faselhds.center/wp-content/uploads/2024/12/96ea292b26cb274e5c6a7d7c1d81b1c1.jpg?resize=400%2C600,,
Remnant 2024,https://faselhds.center/wp-content/uploads/2024/12/99fc466ae0e4ead1f62f6eea6b551f59.jpg?resize=400%2C600,,
Exhibiting Forgiveness 2024,https://faselhds.center/wp-content/uploads/2024/12/888666266b92d20daba36f1a45d75b8e.jpg?resize=400%2C600,,
Mickey and the Very Many Christmases 2024,https://faselhds.center/wp-content/uploads/2024/12/cd09c40f916f1e0abd05fe6c94403b10.jpg?resize=400%2C600,,
Fortune Feimster: Crushing It 2024,https://faselhds.center/wp-content/uploads/2024/12/b0fd9fc01c62aab59d6ebf2a9bb15362-400x600.jpg?resize=400%2C600,,
Weekend in Taipei 2024,https://faselhds.center/wp-content/uploads/2024/12/031190b46d3d2837ff57b5ddce1944b9.jpg?resize=400%2C600,,
Reagan 2024,https://faselhds.center/wp-content/uploads/2024/12/b51637709e00612706e6a5fecbf7f128.jpg?resize=400%2C600,,
Lucky Baskhar 2024,https://faselhds.center/wp-content/uploads/2024/12/52ab4a3198f9d35a474cdb9b0a1aa488-400x600.jpg?resize=400%2C600,,
While You Were Sleeping 2024,https://faselhds.center/wp-content/uploads/2024/12/4016a88f6e53c8f617cb66bc60db574a.jpg?resize=400%2C600,,
Miki 2024,https://faselhds.center/wp-content/uploads/2024/12/3660b99b24f9eef7d1e4a2ace10e4aa6.jpg?resize=400%2C600,,
Juror #2 2024,https://faselhds.center/wp-content/uploads/2024/12/389d5019787cac036f577319c3c8cd83.jpg?resize=400%2C600,,
The Feast of Amrita 2023,https://faselhds.center/wp-content/uploads/2024/12/d4c400b6975fa77b93a041cf8e9d6346.jpg?resize=400%2C600,,
Soudain seuls 2024,https://faselhds.center/wp-content/uploads/2024/11/ad8a6a1c80c90cc13c4cba5c5a2b5f47.jpg?resize=400%2C600,,
Borderlands 2024,https://faselhds.center/wp-content/uploads/2024/08/f3db5f56606dcc59e63c8be7c5a74181.jpg?resize=400%2C600,,
Customs Frontline 2024,https://faselhds.center/wp-content/uploads/2024/08/ddb4db628e9ea70dc21b1a802c61d99b.jpg?resize=400%2C600,,
Devil’s Knight 2024,https://faselhds.center/wp-content/uploads/2024/11/c27120d015dbb92d054919615cce1107.jpg?resize=400%2C600,,
Twas the Text Before Christmas 2023,https://faselhds.center/wp-content/uploads/2024/11/5e84102a844d64fad24ce29c564f5e05-400x600.jpg?resize=400%2C600,,
Swing Into Romance 2023,https://faselhds.center/wp-content/uploads/2024/11/47a177e354416e358d8b81f07c1b3fa5.jpg?resize=400%2C600,,
The Snow Sister 2024,https://faselhds.center/wp-content/uploads/2024/11/740a3a0af03308117bb13dcce9a4d615.jpg?resize=400%2C600,,
Sikandar Ka Muqaddar 2024,https://faselhds.center/wp-content/uploads/2024/11/5ffe29bc75e02ee373d70a65ee08618c.jpg?resize=400%2C600,,
The Last Redemption 2024,https://faselhds.center/wp-content/uploads/2024/11/b50f546e78977274dba3c2395085c164.jpg?resize=400%2C600,,
Takluk: Lahad Datu 2024,https://faselhds.center/wp-content/uploads/2024/11/9ba1c6001e34de8ccb7dad4ace84ac4a.jpg?resize=400%2C600,,
The Fix 2024,https://faselhds.center/wp-content/uploads/2024/11/0a94b19cf6f9392ad9487f45aec21577.jpg?resize=400%2C600,,
Christmas on Windmill Way 2023,https://faselhds.center/wp-content/uploads/2024/11/5df6420277daaf53c3be835855c99861.jpg?resize=400%2C600,,
Bringing Christmas Home 2023,https://faselhds.center/wp-content/uploads/2024/11/ceff75af336c9c1b39d34cb75fc8acd9.jpg?resize=400%2C600,,
Nutcrackers 2024,https://faselhds.center/wp-content/uploads/2024/11/5395292dd7c921a24fe96152e6d7af44.jpg?resize=400%2C600,,
Detective Conan: The Million-Dollar Pentagram 2024,https://faselhds.center/wp-content/uploads/2024/11/aa600ce1d5160c16989e17bf102bef25.jpg?resize=400%2C600,,
Making the Helicopter Heist 2024,https://faselhds.center/wp-content/uploads/2024/11/c83d8fff15269f8e83985013442d067d-400x560.jpg?resize=400%2C600,,
Beatles ’64 2024,https://faselhds.center/wp-content/uploads/2024/11/845c58b821b3b4402843f8ec104f26c5-400x600.jpg?resize=400%2C600,,
A Royal Date for Christmas 2023,https://faselhds.center/wp-content/uploads/2024/11/bc129e99f2028e5e10a628c8ee828ff6.jpg?resize=400%2C600,,
Paris Christmas Waltz 2023,https://faselhds.center/wp-content/uploads/2024/11/d201c347b542060c20eda63d02aab2fe.jpg?resize=400%2C600,,
Watchmen: Chapter II 2024,https://faselhds.center/wp-content/uploads/2024/11/cd65b2dacf54337c8a208e42e95368ce.jpg?resize=400%2C600,,
Mononoke Movie: Paper Umbrella 2024,https://faselhds.center/wp-content/uploads/2024/11/fcd156858df1488d39d40a85f2373111.jpg?resize=400%2C600,,
Suspicion 2024,https://faselhds.center/wp-content/uploads/2024/11/92313cf85c9a251037b2d83b3cb5e186-400x600.jpg?resize=400%2C600,,
Meanwhile on Earth 2024,https://faselhds.center/wp-content/uploads/2024/11/8e5a1426d2aa7bb13e1bd869fd8f2f5b.jpg?resize=400%2C600,,
Our Little Secret 2024,https://faselhds.center/wp-content/uploads/2024/11/98fee73484d957aca30e427439773a82.jpg?resize=400%2C600,,
Anthony Jeselnik: Bones and All 2024,https://faselhds.center/wp-content/uploads/2024/11/f4627f3cb940f58ba2e84805d2712015.jpg?resize=400%2C600,,
Crescent City 2024,https://faselhds.center/wp-content/uploads/2024/11/ecfaa500d44af16c33a980d449b998bb.jpg?resize=400%2C600,,
Elevation 2024,https://faselhds.center/wp-content/uploads/2024/11/e5077a0efaaf1fca92c4f917df3fcb26.jpg?resize=400%2C600,,
Here 2024,https://faselhds.center/wp-content/uploads/2024/11/54c75d56d443760a716b0711e00978f4.jpg?resize=400%2C600,,
James Acaster: Hecklers Welcome 2024,https://faselhds.center/wp-content/uploads/2024/11/73aeee0a854345771e5a16daa4daf3c6.jpg?resize=400%2C600,,
Sting 2024,https://faselhds.center/wp-content/uploads/2024/05/6f04d4d26e6d7b761f2086954f2bfccb.jpg?resize=400%2C600,,
Memoir of a Snail 2024,https://faselhds.center/wp-content/uploads/2024/11/4a7d92383162bce1b6ac0e84ce5cf23b.jpg?resize=400%2C600,,
Girl Haunts Boy 2024,https://faselhds.center/wp-content/uploads/2024/11/423255fdcb7a196ca78e98e754234f85.jpg?resize=400%2C600,,
A Strange House 2024,https://faselhds.center/wp-content/uploads/2024/11/734f1df2f25aa1ca171d1d30c8ff2f49.jpg?resize=400%2C600,,
Dirty Money 2024,https://faselhds.center/wp-content/uploads/2024/11/87412efd1b0807183776b17541ae6d57.jpg?resize=400%2C600,,
Armor 2024,https://faselhds.center/wp-content/uploads/2024/11/02f073e7a160d8dd03b25f484f2db338.jpg?resize=400%2C600,,
The Piano Lesson 2024,https://faselhds.center/wp-content/uploads/2024/11/391d2a0e1cdc081f80c14cea97316050.jpg?resize=400%2C600,,
Spellbound 2024,https://faselhds.center/wp-content/uploads/2024/11/953e2d4ed71a7fda9b48cc6decc170d8.jpg?resize=400%2C600,,
Out of My Mind 2024,https://faselhds.center/wp-content/uploads/2024/11/0d9f0fd5a9c40ea438e09ef48a3a5151.jpg?resize=400%2C600,,
Joy 2024,https://faselhds.center/wp-content/uploads/2024/11/997ba107e33eacf1b1d14461057451ed-400x600.jpg?resize=400%2C600,,
Jim Gaffigan: The Skinny 2024,https://faselhds.center/wp-content/uploads/2024/11/9ba018534b2ac8bd32852a0b419d5a7f-400x600.jpg?resize=400%2C600,,
Tigres et Hyènes 2024,https://faselhds.center/wp-content/uploads/2024/11/f2bcec63c8e38a7dfbd970c42ee1753b-400x600.jpg?resize=400%2C600,,
Bread & Roses 2023,https://faselhds.center/wp-content/uploads/2024/11/006137a4fc7ee971bd2c8bcb42b7614c.jpg?resize=400%2C600,,
The Crow 2024,https://faselhds.center/wp-content/uploads/2024/09/9715c3c1d178999e11f9a6c206b4c054.jpg?resize=400%2C600,,
We Live in Time 2024,https://faselhds.center/wp-content/uploads/2024/11/34f7b22c41cc6c85abd163d1a0c3fed2.jpg?resize=400%2C600,,
Pimpinero: Blood and Oil 2024,https://faselhds.center/wp-content/uploads/2024/11/0e553a5470743d20e937b08803d9fa36.jpg?resize=400%2C600,,
Blitz 2024,https://faselhds.center/wp-content/uploads/2024/11/bf01e6d9b3d057eee45dd013c76ab070.jpg?resize=400%2C600,,
Bagheera 2024,https://faselhds.center/wp-content/uploads/2024/11/6f0b7f4bd5401f086efe87a5d1e5062d.jpg?resize=400%2C600,,
Maybe Baby 2 2024,https://faselhds.center/wp-content/uploads/2024/11/491be63283987a6ea4007a0d7f16359b-400x600.jpg?resize=400%2C600,,
Striking Rescue 2024,https://faselhds.center/wp-content/uploads/2024/11/5b8167d0f5d90418c263885dbdf072cd.jpg?resize=400%2C600,,
Saturday Night 2024,https://faselhds.center/wp-content/uploads/2024/11/4f7d23f1f401917f738c7eab9f7b6f8c.jpg?resize=400%2C600,,
Calamity Jane 2024,https://faselhds.center/wp-content/uploads/2024/11/7572d4515d14837cc3c81bcf2e728c82.jpg?resize=400%2C600,,
The Merry Gentlemen 2024,https://faselhds.center/wp-content/uploads/2024/11/1abc87794bcc5fbfe0f08213ede33246-400x600.jpg?resize=400%2C600,,
GTMax 2024,https://faselhds.center/wp-content/uploads/2024/11/b92dd935c85faafdb0fb2e71cd7e16da-400x600.jpg?resize=400%2C600,,
Buy Now! The Shopping Conspiracy 2024,https://faselhds.center/wp-content/uploads/2024/11/f6126a8b51e667d7732b9cf761bacc07-400x600.jpg?resize=400%2C600,,
Absolution 2024,https://faselhds.center/wp-content/uploads/2024/11/5cf5fdcb78b9674e681c80219df93af5.jpg?resize=400%2C600,,
"I, the Executioner 2024",https://faselhds.center/wp-content/uploads/2024/11/4504cd6d324d686addb989d65dd8a7f4.jpg?resize=400%2C600,,
Cricket & Antoinette 2023,https://faselhds.center/wp-content/uploads/2024/11/405b987431541e641a4c320558f2ee32.jpg?resize=400%2C600,,
Nayanthara: Beyond the Fairy Tale 2024,https://faselhds.center/wp-content/uploads/2024/11/064997da2d28f7af7ed42a1382432deb-400x600.jpg?resize=400%2C600,,
Kensuke’s Kingdom 2023,https://faselhds.center/wp-content/uploads/2024/11/1082896287d4a2183266ac2df3e17594.jpg?resize=400%2C600,,
Smile 2 2024,https://faselhds.center/wp-content/uploads/2024/11/a303d49d1ea30be5d75eda226441b59a.jpg?resize=400%2C600,,
Yudhra 2024,https://faselhds.center/wp-content/uploads/2024/11/7fe2ced49a4be6d2e3a388e54400eedb.jpg?resize=400%2C600,,
Martin 2024,https://faselhds.center/wp-content/uploads/2024/11/f1fb11c55109ffda6fdcaa48ce1d164f.jpg?resize=400%2C600,,
Don’t Turn Out the Lights 2024,https://faselhds.center/wp-content/uploads/2024/11/2b31fbf42e010cfaa11d3884f34cda3b.jpg?resize=400%2C600,,
The Caine Mutiny Court-Martial 2023,https://faselhds.center/wp-content/uploads/2024/11/e04d40a0bf4b6e73ff8df4480162aebe.jpg?resize=400%2C600,,
The Girl with the Fork 2024,https://faselhds.center/wp-content/uploads/2024/11/f6dcb89e82543f24c33e3d9822a40543-400x600.jpg?resize=400%2C600,,
Rumours 2024,https://faselhds.center/wp-content/uploads/2024/11/b361723c80b55b372f6dfc044a336325.jpg?resize=400%2C600,,
Bonds Will Be Broken 2024,https://faselhds.center/wp-content/uploads/2024/11/f642a1f10972bd94d24e4ba28a6b3a53.jpg?resize=400%2C600,,
Devara Part 1 2024,https://faselhds.center/wp-content/uploads/2024/11/d5cab6e4654f64b442cd3bf9e572e0a2.jpg?resize=400%2C600,,
Following 2024,https://faselhds.center/wp-content/uploads/2024/11/49c56c6afca2f38dcc157ab758c4bdc8.jpg?resize=400%2C600,,
An Almost Christmas Story 2024,https://faselhds.center/wp-content/uploads/2024/11/e84b81c8acf3f576a1d072fc7e544267-400x600.jpg?resize=400%2C600,,
The Lost Children 2024,https://faselhds.center/wp-content/uploads/2024/11/bbf8a9976b994a8e8d591707b3668e24-400x600.jpg?resize=400%2C600,,
My Favourite Cake 2024,https://faselhds.center/wp-content/uploads/2024/11/a525f1d1f89f64472150ed18e86fa067.jpg?resize=400%2C600,,
Apocalypse Z: El principio del fin 2024,https://faselhds.center/wp-content/uploads/2024/11/b911bf5d805d4820cd4760a647225afa-400x600.jpg?resize=400%2C600,,
Megalopolis 2024,https://faselhds.center/wp-content/uploads/2024/11/8aeb1ee91eb662d6bc7fe74d68c3089a.jpg?resize=400%2C600,,
Trim Season 2023,https://faselhds.center/wp-content/uploads/2024/11/d0da9d08d7dd08976ea5fdf33ca14ae4.jpg?resize=400%2C600,,
Return of the King: The Fall and Rise of Elvis Presley 2024,https://faselhds.center/wp-content/uploads/2024/11/c16a521054a59fd2b620863ec636693a-400x600.jpg?resize=400%2C600,,
Hot Frosty 2024,https://faselhds.center/wp-content/uploads/2024/11/5f78b670a951cdae92fffa1381258fb0.jpg?resize=400%2C600,,
Emilia Pérez 2024,https://faselhds.center/wp-content/uploads/2024/11/5155459e4229e90784d3f3d49bcaeaf9.jpg?resize=400%2C600,,
Magpie 2024,https://faselhds.center/wp-content/uploads/2024/11/3cea028fc618e715a4b404a4e7fdcae0.jpg?resize=400%2C600,,
Am I Racist? 2024,https://faselhds.center/wp-content/uploads/2024/11/006a4f80847a0081de7d72247bc92959.jpg?resize=400%2C600,,
Your Monster 2024,https://faselhds.center/wp-content/uploads/2024/11/5a207b1f9c394bb46682b612f235e72b.jpg?resize=400%2C600,,
Blackwater Lane 2024,https://faselhds.center/wp-content/uploads/2024/11/55135299ad979dbc91986c6c3be0698d.jpg?resize=400%2C600,,
1 Million Followers 2024,https://faselhds.center/wp-content/uploads/2024/11/e23144d4c8001f5adeb318d704a95466.jpg?resize=400%2C600,,
My Old Ass 2024,https://faselhds.center/wp-content/uploads/2024/11/678f474f77ef596974cdb22c3531dd39.jpg?resize=400%2C600,,
Chris Brown: A History of Violence 2024,https://faselhds.center/wp-content/uploads/2024/11/a286329a0eced4976dccc3ec3b998d6f-400x600.jpg?resize=400%2C600,,
Monster Summer 2024,https://faselhds.center/wp-content/uploads/2024/11/6e8fecdcd591dd516dcd00768b0739fd.jpg?resize=400%2C600,,
Jurnal Risa by Risa Saraswati 2024,https://faselhds.center/wp-content/uploads/2024/11/7faac75b3705403f43b165259142acd3.jpg?resize=400%2C600,,
Wo zai zhe li deng ni 2024,https://faselhds.center/wp-content/uploads/2024/11/f9fa337c27fc060bde86314c636f6546.jpg?resize=400%2C600,,
Picnic 2023,https://faselhds.center/wp-content/uploads/2024/11/60cd8a621d4989a1ede2d5cdd5fece28.jpg?resize=400%2C600,,
Vijay 69 2024,https://faselhds.center/wp-content/uploads/2024/11/802b1deef7e902a41f93b70db63aa90f.jpg?resize=400%2C600,,
Elyas 2024,https://faselhds.center/wp-content/uploads/2024/11/7eec5f6a03d81145f974bcea1a60a62e.jpg?resize=400%2C600,,
Umjolo: The Gone Girl 2024,https://faselhds.center/wp-content/uploads/2024/11/2fea852f16fbc33f508c044a5ac97b0a-400x600.jpg?resize=400%2C600,,
Lost in the Arctic 2023,https://faselhds.center/wp-content/uploads/2024/11/e8604b800749a320bfd6da865a75b82b.jpg?resize=400%2C600,,
Look Back 2024,https://faselhds.center/wp-content/uploads/2024/11/50088d59ba81c036e11d1bb672506fae.jpg?resize=400%2C600,,
The Outrun 2024,https://faselhds.center/wp-content/uploads/2024/11/f80bcb01aa3170bad85c50b287352160.jpg?resize=400%2C600,,
Tatami 2023,https://faselhds.center/wp-content/uploads/2024/11/ad82aaf4767fee07dd8b5633950989ec.jpg?resize=400%2C600,,
Pedro Páramo 2024,https://faselhds.center/wp-content/uploads/2024/11/9af27a3136e41e52d668ff560517d38c.jpg?resize=400%2C600,,
Meet Me Next Christmas 2024,https://faselhds.center/wp-content/uploads/2024/11/7d5ee2cd2b3c7bbcbb8b754d990c37ca-400x600.jpg?resize=400%2C600,,
How to Make Millions Before Grandma Dies 2024,https://faselhds.center/wp-content/uploads/2024/09/7be38c9c61a8ed268038dee14c00b56f.jpg?resize=400%2C600,,
A Different Man 2024,https://faselhds.center/wp-content/uploads/2024/11/2848da0f6afedb6c3bebda85182071fa.jpg?resize=400%2C600,,
The Count of Monte-Cristo 2024,https://faselhds.center/wp-content/uploads/2024/11/5611877568fa7d6d264e7d6f2ae6a556.jpg?resize=400%2C600,,
The Apprentice 2024,https://faselhds.center/wp-content/uploads/2024/11/76e2f274cf59a244b4eee958fa631ae7.jpg?resize=400%2C600,,
Cellar Door 2024,https://faselhds.center/wp-content/uploads/2024/11/d15a8ee110a37ca8242eaa5bc48ad66f.jpg?resize=400%2C600,,
Endurance 2024,https://faselhds.center/wp-content/uploads/2024/11/89d1e42f2dad68ce952e2ef71c3df5fc.jpg?resize=400%2C600,,
The Shift 2023,https://faselhds.center/wp-content/uploads/2024/11/9465053041f191e4e911f24b0db355c1.jpg?resize=400%2C600,,
Sing Sing 2023,https://faselhds.center/wp-content/uploads/2024/11/e98c6ded9d3fd71424cfdd19b97daa40.jpg?resize=400%2C600,,
War Game 2024,https://faselhds.center/wp-content/uploads/2024/11/ef15b75995157b4ad8f6161c1da6fbde.jpg?resize=400%2C600,,
Music by John Williams 2024,https://faselhds.center/wp-content/uploads/2024/11/ae412193cbeba6fed81865599b4fbe3b.jpg?resize=400%2C600,,
Which Brings Me to You 2023,https://faselhds.center/wp-content/uploads/2024/03/94265f6f45882a140e682e722933dc89.jpg?resize=400%2C600,,
Katie 2018,https://faselhds.center/wp-content/uploads/2024/11/be1c83145223ee22f2060f07dbc08b3e.jpg?resize=400%2C600,,
Let Go 2024,https://faselhds.center/wp-content/uploads/2024/11/56efef750e8355cade66d42c11900cf6.jpg?resize=400%2C600,,
It’s All Over: The Kiss That Changed Spanish Football 2024,https://faselhds.center/wp-content/uploads/2024/11/7082357137c8a17b13f9b8ac5c45b3ac-400x600.jpg?resize=400%2C600,,
Freedom 2024,https://faselhds.center/wp-content/uploads/2024/11/6862f9ad4d426eef1a536fb5a1301f25-400x600.jpg?resize=400%2C600,,
Auron Mein Kahan Dum Tha 2024,https://faselhds.center/wp-content/uploads/2024/10/8fc734993f4beabf678f21a435f77ce0-400x600.jpg?resize=400%2C600,,
Civil War 2024,https://faselhds.center/wp-content/uploads/2024/05/8e1ec59cbc9037b9b2529dd9bc216b97.jpg?resize=400%2C600,,
Heist 88 2023,https://faselhds.center/wp-content/uploads/2024/10/a1d4a4fb1f9be482fae65a9e7776d8e5.jpg?resize=400%2C600,,
Haikyu!! The Dumpster Battle 2024,https://faselhds.center/wp-content/uploads/2024/10/c50faa192f7d850a5aca3e1dac852e29.jpg?resize=400%2C600,,
Midas Man 2024,https://faselhds.center/wp-content/uploads/2024/10/9da69f2e02353dbaa114ffb2cbbf2286-400x600.jpg?resize=400%2C600,,
The Critic 2023,https://faselhds.center/wp-content/uploads/2024/10/47a76becbe3f3b9b01fce5cf0c56d64c.jpg?resize=400%2C600,,
Apocalypse Z: El principio del fin 2024,https://faselhds.center/wp-content/uploads/2024/10/8e727db58caafe01383d9ce1140fc198-400x600.jpg?resize=400%2C600,,
Time Cut 2024,https://faselhds.center/wp-content/uploads/2024/10/233190a5f4a4fd7c2e28bcd052cb1fb6.jpg?resize=400%2C600,,
Martha 2024,https://faselhds.center/wp-content/uploads/2024/10/78f21ce5b243fa249188333d4fd10ebd.jpg?resize=400%2C600,,
The Demon Disorder 2024,https://faselhds.center/wp-content/uploads/2024/09/1232f91b4a0c6121a2ea85a179edad59.jpg?resize=400%2C600,,
عرض Tom Papa: Home Free 2024,https://faselhds.center/wp-content/uploads/2024/10/c536ba32e51428979f0bfe3213f6b29f-400x600.jpg?resize=400%2C600,,
Olivia Rodrigo: GUTS World Tour 2024,https://faselhds.center/wp-content/uploads/2024/10/7db8dac3a0f91a9c64b7e34c69c95424.jpg?resize=400%2C600,,
عرض Seth Meyer : Dad Man Walking 2024,https://faselhds.center/wp-content/uploads/2024/10/facc473a2aaf77254f90aaaea71aebce-400x600.jpg?resize=400%2C600,,
Joker: Folie à Deux 2024,https://faselhds.center/wp-content/uploads/2024/10/e9039ea78e11100fabc8be41244ae9c3.jpg?resize=400%2C600,,
A Quiet Place: Day One 2024,https://faselhds.center/wp-content/uploads/2024/07/9e69c1144f44111651be5797631bf40e.jpg?resize=400%2C600,,
Bad Boys: Ride or Die 2024,https://faselhds.center/wp-content/uploads/2024/07/56c0f966e220be434a0ed2fbbda8f546.jpg?resize=400%2C600,,
In a Violent Nature 2024,https://faselhds.center/wp-content/uploads/2024/06/5ec43bdae5ca32748a0e2c0e05552586.jpg?resize=400%2C600,,
Boneyard 2024,https://faselhds.center/wp-content/uploads/2024/07/76ad27c7fc9fc9c0fb857dddef10fde2.jpg?resize=400%2C600,,
Terrifier 3 2024,https://faselhds.center/wp-content/uploads/2024/10/3e377868f4b9aef21ef99a554e058902.jpg?resize=400%2C600,,
The Soul Eater 2024,https://faselhds.center/wp-content/uploads/2024/10/001340fb4779121ab0aebef0360bd1bc.jpg?resize=400%2C600,,
Canary Black 2024,https://faselhds.center/wp-content/uploads/2024/10/b7865bdc72c2bab097790e4792e65a0d.jpg?resize=400%2C600,,
Do Patti 2024,https://faselhds.center/wp-content/uploads/2024/10/fccb884d650fa2ac8d8850215cab0d96-400x600.jpg?resize=400%2C600,,
Gridman Universe 2023,https://faselhds.center/wp-content/uploads/2024/10/76ecd2985dd09dd0ac831e4df2d51919.jpg?resize=400%2C600,,
The Remarkable Life of Ibelin 2024,https://faselhds.center/wp-content/uploads/2024/10/24e895e223e4dd51010c6e42e25b22f2.jpg?resize=400%2C600,,
Hijack ’93 2024,https://faselhds.center/wp-content/uploads/2024/10/594135e184c0c2944a5331c5639883b1.jpg?resize=400%2C600,,
"658km, Yoko no Tabi 2023",https://faselhds.center/wp-content/uploads/2024/10/71eeedb06b73f3e3e7f99846a534506a.jpg?resize=400%2C600,,
Don’t Move 2024,https://faselhds.center/wp-content/uploads/2024/10/3b1184d7ef1763e093e17d27e01a06f7.jpg?resize=400%2C600,,
Operation Blood Hunt 2024,https://faselhds.center/wp-content/uploads/2024/10/8ae24b89ed3a7e696a17f0fe1876f319.jpg?resize=400%2C600,,
MadS 2024,https://faselhds.center/wp-content/uploads/2024/10/550a3335ed9ac92b17479072a208649f-400x600.jpg?resize=400%2C600,,
The Bunker Game 2022,https://faselhds.center/wp-content/uploads/2024/10/dbf581c6e1527428746cc03472fd179c.jpg?resize=400%2C600,,
Late Night with the Devil 2023,https://faselhds.center/wp-content/uploads/2024/04/5d30b558d7eac58fb5a7f9efc7e14ed5.jpg?resize=400%2C600,,
90 Feet from Home 2019,https://faselhds.center/wp-content/uploads/2024/10/146196fad0225b539c2a879ae6504c6f.jpg?resize=400%2C600,,
Hasan Minhaj: Off with His Head 2024,https://faselhds.center/wp-content/uploads/2024/10/e3ee9adc6ebb2cbdb1ece4be424a00df-400x600.jpg?resize=400%2C600,,
Family Pack 2024,https://faselhds.center/wp-content/uploads/2024/10/562ae708cde4e89fe815f54101239429.jpg?resize=400%2C600,,
Trap 2024,https://faselhds.center/wp-content/uploads/2024/08/6696b9df0b505cd2303c55e0f86b79ce.jpg?resize=400%2C600,,
Transformers One 2024,https://faselhds.center/wp-content/uploads/2024/10/8b620257474d3d852654cf36087a9777.jpg?resize=400%2C600,,
Bookworm 2024,https://faselhds.center/wp-content/uploads/2024/10/16672307a11e0f9749a26b8b63193211.jpg?resize=400%2C600,,
Carved 2024,https://faselhds.center/wp-content/uploads/2024/10/3c0741743aa793150927f45bd51c02ee.jpg?resize=400%2C600,,
9 Windows 2024,https://faselhds.center/wp-content/uploads/2024/10/2a327af1d00f580416e6a61944412a9b.jpg?resize=400%2C600,,
Stream 2024,https://faselhds.center/wp-content/uploads/2024/10/2ebac6c5bcaf3cb4cb3f8a2b37944110.jpg?resize=400%2C600,,
Rippy 2024,https://faselhds.center/wp-content/uploads/2024/10/e6101970f64f23f2e41a1199e5f04f34.jpg?resize=400%2C600,,
Deadpool & Wolverine 2024,https://faselhds.center/wp-content/uploads/2024/09/3d36f744c66a0abc391c4b2b2f540e5d.jpg?resize=400%2C600,,
Die Alone 2024,https://faselhds.center/wp-content/uploads/2024/10/19d8530e7c3bdd3e505ae2f677105d34.jpg?resize=400%2C600,,
Memory 2023,https://faselhds.center/wp-content/uploads/2024/03/7f4c65fc5fa32a9a575c5919ad0bd9c5.jpg?resize=400%2C600,,
The Seed of the Sacred Fig 2024,https://faselhds.center/wp-content/uploads/2024/10/64b30ecd874f8718d59113a3fee6491f.jpg?resize=400%2C600,,
The Experts 2024,https://faselhds.center/wp-content/uploads/2024/10/cf50f5ea39ccec9fde63594a1319fb0f.jpg?resize=400%2C600,,
Lee 2023,https://faselhds.center/wp-content/uploads/2024/10/4fcf56f728dc15552374941427d1e1ab.jpg?resize=400%2C600,,
Woman of the Hour 2023,https://faselhds.center/wp-content/uploads/2024/10/60841825b34debabba533da0842f7e1b.jpg?resize=400%2C600,,
The Man Who Loved UFOs 2024,https://faselhds.center/wp-content/uploads/2024/10/a91aab7183b72616fe5f2fda893fb395.jpg?resize=400%2C600,,
The Turnaround 2024,https://faselhds.center/wp-content/uploads/2024/10/9b78940ee6797472fb1f9c8ce82b6c59.jpg?resize=400%2C600,,
Happiness Is 2024,https://faselhds.center/wp-content/uploads/2024/10/571b69cbe402d2b3a317af7d2a19865d.jpg?resize=400%2C600,,
Bagman 2024,https://faselhds.center/wp-content/uploads/2024/10/49ffb949a0afcf6592afe04c1085a5a5.jpg?resize=400%2C600,,
Seventeen Tour ‘Follow’ Again to Cinemas 2024,https://faselhds.center/wp-content/uploads/2024/10/085783e54b8b9380192438585901659e.jpg?resize=400%2C600,,
Sing: Thriller 2024,https://faselhds.center/wp-content/uploads/2024/10/6197590f6b9317eb924f133011b58c68.jpg?resize=400%2C600,,
Brothers 2024,https://faselhds.center/wp-content/uploads/2024/10/f701f6c304711089eab351326ed3e3cb.jpg?resize=400%2C600,,
The Shadow Strays 2024,https://faselhds.center/wp-content/uploads/2024/10/602ad5d13c562636b2b7f79d52ec30f7.jpg?resize=400%2C600,,
Outside 2024,https://faselhds.center/wp-content/uploads/2024/10/785306a0c1954c1040bd3d64f560ce3b.jpg?resize=400%2C600,,
The Martini Shot 2023,https://faselhds.center/wp-content/uploads/2024/10/afc1823431064438c2b2b62b3a9530b0-400x600.jpg?resize=400%2C600,,
Double Life 2023,https://faselhds.center/wp-content/uploads/2024/10/3c308c72941fee34bb1b304201fb1dca.jpg?resize=400%2C600,,
Justice 2024,https://faselhds.center/wp-content/uploads/2024/10/48f36d11b31a159d6fd826cc49781282.jpg?resize=400%2C600,,
Sweet Bobby: My Catfish Nightmare 2024,https://faselhds.center/wp-content/uploads/2024/10/05279a439ff3da5ab1c4628f4ace67f1.jpg?resize=400%2C600,,
Snack Shack 2024,https://faselhds.center/wp-content/uploads/2024/10/68ccb6c498d6e8f258f778e47a8a461c.jpg?resize=400%2C600,,
I Don’t Love You Anymore 2023,https://faselhds.center/wp-content/uploads/2024/10/ba5618d8e5affb7d7e1dad865cf61c8a.jpg?resize=400%2C600,,
Daddy’s Head 2024,https://faselhds.center/wp-content/uploads/2024/10/ea813addffd6c372078939646e3a74ec.jpg?resize=400%2C600,,
White Nights 2003,https://faselhds.center/wp-content/uploads/2024/10/c5b2e08486b98379c62db7153328d4ee.jpg?resize=400%2C600,,
The Wild Robot 2024,https://faselhds.center/wp-content/uploads/2024/10/2765ca15ffc6623db394ed7dec4c7937.jpg?resize=400%2C600,,
Take Cover 2024,https://faselhds.center/wp-content/uploads/2024/10/a83c41bd727d44940a86997af08885b9.jpg?resize=400%2C600,,
Caddo Lake 2024,https://faselhds.center/wp-content/uploads/2024/10/48030d4435d0a2be79f9fb62404b1e4d.jpg?resize=400%2C600,,
Bad Genius 2024,https://faselhds.center/wp-content/uploads/2024/10/3c5ab4c9ca1cec8319da55e07fd3f203.jpg?resize=400%2C600,,
The Substance 2024,https://faselhds.center/wp-content/uploads/2024/10/b23cca7f1de32dbdc6cd5da364782e0d.jpg?resize=400%2C600,,
The Sparrow 2022,https://faselhds.center/wp-content/uploads/2024/10/9434b5657fafbfa756d10e18b84f686f.jpg?resize=400%2C600,,
Self Reliance 2023,https://faselhds.center/wp-content/uploads/2024/10/e83367e2011dc893dd807894e6e40259.jpg?resize=400%2C600,,
Looking for Dr. Love 2024,https://faselhds.center/wp-content/uploads/2024/10/abadf4514e00f2ce29380545788c175a.jpg?resize=400%2C600,,
Killer Witches from Outer Space 2024,https://faselhds.center/wp-content/uploads/2024/10/9269dbb21bdd26c969da287142e284f9.jpg?resize=400%2C600,,
Hearts Creek 2024,https://faselhds.center/wp-content/uploads/2024/10/3f3231909b643aeb7ce49b8a07dbef07.jpg?resize=400%2C600,,
Club Zero 2023,https://faselhds.center/wp-content/uploads/2024/10/3bc95bc3635302bfd96fa3c0461f47f4.jpg?resize=400%2C600,,
Ghosts of Red Ridge 2024,https://faselhds.center/wp-content/uploads/2024/10/27e58d05cfdf7aa127635db424a38ca5-400x600.jpg?resize=400%2C600,,
Cheat 2023,https://faselhds.center/wp-content/uploads/2024/10/a378e03ab0130dc299eee063fa6fc90e.jpg?resize=400%2C600,,
Antarctica Calling 2023,https://faselhds.center/wp-content/uploads/2024/10/8a2fbdbdc766fc2489d30161bfa3e5e0-400x600.jpg?resize=400%2C600,,
The Silent Hour 2024,https://faselhds.center/wp-content/uploads/2024/10/7e45a3893f93d23e6f46b7103f4f13f6.jpg?resize=400%2C600,,
Kitarou Tanjou: Gegege no Nazo 2023,https://faselhds.center/wp-content/uploads/2024/10/99a78dcbf91e564241b8bc011e011d5b-400x600.jpg?resize=400%2C600,,
Shigatsu ni nareba kanojo wa 2024,https://faselhds.center/wp-content/uploads/2024/10/0d78fe0768870fb95f30f3e1861a6350.jpg?resize=400%2C600,,
Money Electric: The Bitcoin Mystery 2024,https://faselhds.center/wp-content/uploads/2024/10/e620da200c8d6ba5d4eb02206e8ea027.jpg?resize=400%2C600,,
Mr. Crocket 2024,https://faselhds.center/wp-content/uploads/2024/10/48b6393ce1d254e0c62be2b50801ad8e.jpg?resize=400%2C600,,
In Her Place 2024,https://faselhds.center/wp-content/uploads/2024/10/b01eeec55d29ba4984e4149450f4b969-400x600.jpg?resize=400%2C600,,
Uprising 2024,https://faselhds.center/wp-content/uploads/2024/10/f00831205a9a99d411822f6c2c62bfef.jpg?resize=400%2C600,,
Lonely Planet 2024,https://faselhds.center/wp-content/uploads/2024/10/0f08276716624cb5d32073d7fab95a99-400x600.jpg?resize=400%2C600,,
Never Let Go 2024,https://faselhds.center/wp-content/uploads/2024/10/9169fb7151d7e69870fe4a8081deda65.jpg?resize=400%2C600,,
Devil’s Horns 2024,https://faselhds.center/wp-content/uploads/2024/10/8c2aabc15c19a51fe12e4fc4567ba079.jpg?resize=400%2C600,,
The Last of the Sea Women 2024,https://faselhds.center/wp-content/uploads/2024/10/7e3b2420c2987d7acb589420d469bbf2-400x600.jpg?resize=400%2C600,,
Breaking the Silence: The Maria Soledad Case 2024,https://faselhds.center/wp-content/uploads/2024/10/34f3e394e9bdb30e2e60ae6d0afb4df4-400x600.jpg?resize=400%2C600,,
The Wait 2023,https://faselhds.center/wp-content/uploads/2024/10/0a159286f71b004c2e355798fa2609f1.jpg?resize=400%2C600,,
"My Wife, My Abuser: The Secret Footage 2024",https://faselhds.center/wp-content/uploads/2024/10/917d7d3165df16a9d13c6350e56e6085-400x600.jpg?resize=400%2C600,,
Believer 2024,https://faselhds.center/wp-content/uploads/2024/10/ef061cb528ee6939249ef327d11802be.jpg?resize=400%2C600,,
All the Names of God 2023,https://faselhds.center/wp-content/uploads/2024/10/47d1ae9304971722c3e65a2202d55b56.jpg?resize=400%2C600,,
Coup de Chance 2023,https://faselhds.center/wp-content/uploads/2024/10/d56143bc87d6e3a4ac6fc70dae4c58e5.jpg?resize=400%2C600,,
Kill 2023,https://faselhds.center/wp-content/uploads/2024/07/92afe9aa6c22857948c8c5e8f7d2a372.jpg?resize=400%2C600,,
Ali Wong: Single Lady 2024,https://faselhds.center/wp-content/uploads/2024/10/d4a2cfbbe2f09ab23ef01c4dc9544c42-400x597.jpg?resize=400%2C600,,
Hellboy: The Crooked Man 2024,https://faselhds.center/wp-content/uploads/2024/10/603f5639bb0cf58985d9ccf21b3454c0.jpg?resize=400%2C600,,
The Forge 2024,https://faselhds.center/wp-content/uploads/2024/10/a2d60dea2827e30f8196e1f42e2a1632.jpg?resize=400%2C600,,
Salem’s Lot 2024,https://faselhds.center/wp-content/uploads/2024/10/aeba243ddbe558c71b553a0582e6bc82.jpg?resize=400%2C600,,
Beetlejuice Beetlejuice 2024,https://faselhds.center/wp-content/uploads/2024/10/796add18b0c502109581f90c63ada0f3.jpg?resize=400%2C600,,
The Menendez Brothers 2024,https://faselhds.center/wp-content/uploads/2024/10/4fc2019d657675394a3b8f0ed360a445-400x600.jpg?resize=400%2C600,,
Victory 2024,https://faselhds.center/wp-content/uploads/2024/10/d9dd6edde973db93e077141214ccfee8.jpg?resize=400%2C600,,
The Greatest of All Time 2024,https://faselhds.center/wp-content/uploads/2024/10/43c6275debb5b862a4ed7163efcae38f.jpg?resize=400%2C600,,
Azrael 2024,https://faselhds.center/wp-content/uploads/2024/10/36f3e0007a9e6b1d9e2b971d7bf128e6-400x600.jpg?resize=400%2C600,,
Kaagaz 2 2024,https://faselhds.center/wp-content/uploads/2024/10/c3a758ecdb7deb14a1df284d00ec1ff2.jpg?resize=400%2C600,,
Fly 2024,https://faselhds.center/wp-content/uploads/2024/10/e370e12908ba1d6e7b9436eabbbe467e.jpg?resize=400%2C600,,
Pandemonium 2023,https://faselhds.center/wp-content/uploads/2024/10/4143ee7021f1454c53705569603cdacb.jpg?resize=400%2C600,,
El Diario 2024,https://faselhds.center/wp-content/uploads/2024/10/a457d1ecb5efd0105764b114647f407d-400x600.jpg?resize=400%2C600,,
CTRL 2024,https://faselhds.center/wp-content/uploads/2024/10/11a1c59551adcdb6ee7fcfed88adc460.jpg?resize=400%2C600,,
